﻿"Repeating data name";"Form name";"Form number";"Field number";"Exported field type";"Original field type";"Variable name";"Field label";"Optiongroup name";"Field required";"Field min";"Field max";"Field units";"Field info";"Calculation/summary template";"Field hidden";"Dependency parent name";"Field dependency operator";"Field dependency value"
Medication;Medication;1;1;dropdown;dropdown;med_name;Name;med_class_dropdown;1;;;;;;0;;;
Medication;Medication;1;2;date;date;med_start;"Start date";;1;;;;;;0;;;
Medication;Medication;1;3;date;date;med_stop;"Stop date";;1;;;;;;0;;;
Medication;Medication;1;4;numeric;numeric;med_dose;Dose;;1;0;5000;;;;0;;;
Medication;Medication;1;5;dropdown;dropdown;med_units;Units;og_medunits;1;;;;;;0;;;
