6437,0,0,0,1,0,699,25,2,0,250,1,164,2,137,0,47,0,643,25,0,9,0,0,1,0,0,3,0,0,204,9,2,7,0,17,9,0,0,0,0,0,0,0,0,0,18,3,75,1,0,3,6,0,0,0,0,0,0,2,0,0,0,0,1,2,1,0,0,119,1,1,2,0,0,0,5,0,0,3,2,93,0,0,6,14,60,0,2,7,111,10,27,2,838,0,0,6,7,6,13,3,9,15,0,3,90,1298,51,0,57,0,2,2,0,0,0,156,29,0,0,0,0,0,0,0,0,0,3,0,0,0,0,0,0,1,1,0,2,0,0,0,0,1,0,0,0,0,0,0,0,0,5,0,0,67,1,0,0,1,1,0,0,0,1,0,0,1,0,0,2,0,0,0,0,0,0,0,0,0,0,0,1,2,0,0,0,0,1,0,0,0,3,0,78,0,0,1,0,2,1,3,0,7,0,12,3,0
5292,0,30,1,1,0,1272,34,11,17,67,11,447,2,122,1,2,10,1259,9,0,7,5,0,1,1,0,10,0,0,251,104,12,16,0,12,22,0,1,0,0,0,6,2,0,2,134,29,468,1,0,4,38,0,3,2,1,1,4,4,1,0,0,2,1,29,5,0,8,59,3,1,13,1,0,15,40,0,0,6,6,97,1,4,15,111,22,3,8,1,23,3,7,2,1347,0,0,22,1,34,86,25,46,71,0,7,0,273,73,0,25,0,15,4,2,8,0,57,75,7,1,8,0,0,1,2,4,0,0,0,0,0,1,0,0,6,7,0,15,0,5,0,1,0,0,2,2,0,0,8,0,0,13,4,0,2,0,0,8,4,3,0,0,0,0,0,0,6,2,0,16,0,0,0,0,1,0,0,5,0,0,0,2,10,0,0,0,1,0,0,0,0,0,0,4,0,0,0,0,8,0,29,0,8,1,47,11,21
6744,0,1,1,2,1,752,20,25,5,44,5,88,1,222,0,6,1,882,1,0,2,0,0,0,1,0,2,0,0,228,9,1,2,0,13,1,0,0,0,0,0,0,1,0,0,56,1,142,0,0,6,7,0,0,2,0,0,1,0,0,0,0,0,1,13,6,0,5,111,0,0,3,0,0,4,7,0,0,2,1,148,2,1,5,12,49,0,0,0,82,2,17,0,801,0,0,14,2,37,15,2,7,18,0,6,0,666,90,0,6,0,5,1,0,8,0,123,31,0,1,2,0,0,0,0,0,0,0,0,0,0,0,0,0,0,1,0,3,0,2,0,0,0,0,0,1,0,0,0,0,0,12,0,0,4,1,0,1,4,0,0,0,0,0,0,0,3,0,0,4,0,0,0,0,2,0,0,2,1,0,0,0,4,0,0,0,0,1,0,1,0,0,0,12,0,0,0,0,1,0,5,2,8,2,4,2,9
4846,0,0,0,0,0,922,7,6,3,420,5,202,0,148,1,108,3,1055,57,1,11,1,0,4,0,0,1,0,0,262,28,2,11,0,5,15,0,0,0,0,0,2,1,0,2,40,2,102,0,0,0,28,0,0,1,0,0,0,0,0,0,0,0,5,1,3,0,1,91,0,2,4,0,0,4,2,0,0,19,0,57,1,0,22,50,25,0,1,0,59,3,6,6,1360,0,0,9,8,22,9,3,9,13,0,6,0,884,51,0,39,0,3,0,0,3,0,61,26,1,2,0,0,0,0,0,0,0,2,0,0,0,0,0,0,3,4,0,2,0,3,0,0,0,0,1,0,0,0,2,0,0,5,0,0,9,0,0,4,10,0,0,0,1,1,0,0,0,0,0,3,0,0,0,0,1,0,0,0,0,0,0,0,4,0,0,0,0,3,0,0,0,0,0,6,0,0,0,0,3,1,0,3,14,1,0,7,6
3923,0,0,5,0,3,1660,1,0,0,192,6,372,0,289,2,68,4,504,51,0,12,0,0,0,2,0,0,0,0,169,16,0,1,0,3,7,0,0,0,0,0,5,0,9,14,12,0,67,16,0,1,21,0,75,0,0,0,0,0,0,0,0,0,0,0,4,1,4,150,0,5,3,0,0,1,2,0,0,4,0,28,1,0,14,151,23,2,1,0,42,11,7,1,711,0,0,0,182,14,7,0,28,9,0,7,77,643,119,0,11,7,0,0,0,0,0,37,84,0,6,1,1,0,0,1,5,0,0,0,9,0,0,0,1,7,10,0,0,6,0,7,0,0,0,0,0,0,0,0,0,0,5,0,1,28,1,0,0,8,0,0,0,1,0,0,0,0,0,0,15,0,3,110,0,6,0,0,0,0,3,98,0,0,0,0,0,0,1,0,0,0,1,0,4,0,5,3,0,0,24,2,0,4,0,106,2,1
2972,0,0,1,0,11,1513,4,0,0,528,5,371,0,196,0,96,9,303,97,0,11,0,0,2,0,1,0,0,0,136,67,0,4,0,18,15,0,2,0,0,0,16,1,1,4,7,2,62,2,0,4,39,0,120,0,1,0,0,0,0,0,0,0,0,0,12,1,1,339,0,6,14,0,0,3,3,0,0,9,0,11,5,0,23,131,48,2,1,0,32,34,9,3,385,0,0,0,91,10,10,0,38,21,0,8,96,610,122,0,22,0,0,0,0,0,0,65,78,0,2,0,0,0,0,3,2,0,3,0,11,0,0,0,0,5,2,0,0,15,11,42,0,0,0,2,0,0,0,0,0,0,9,0,4,32,2,0,1,25,2,0,0,1,1,0,0,0,0,0,7,0,3,144,0,1,0,0,0,0,0,74,0,0,1,0,3,0,4,0,0,2,0,0,17,0,8,0,0,0,14,3,0,15,0,105,1,0
5872,1,3,0,0,5,496,10,0,0,25,0,61,0,224,0,2,3,1503,39,1,23,0,0,2,0,0,0,0,0,75,24,0,15,0,27,0,0,0,0,0,0,1,0,0,2,2,1,211,1,0,5,22,0,1,0,0,0,0,0,0,0,0,2,0,3,0,1,4,185,0,4,7,0,0,6,3,0,0,13,0,92,4,1,16,7,31,0,1,0,74,4,5,0,1169,0,0,6,12,11,18,0,3,24,0,4,45,249,158,0,1,0,0,2,0,1,2,134,90,0,1,2,0,0,0,1,1,0,0,0,0,0,0,0,0,0,0,0,1,2,1,0,0,0,0,1,0,0,0,0,0,6,1,0,11,95,1,0,6,3,0,0,0,0,0,0,0,0,5,0,2,4,3,0,0,0,0,0,0,2,1,0,0,0,0,0,0,0,0,0,0,2,0,1,0,0,0,1,0,1,14,16,0,3,1,142,5,0
5095,3,37,0,0,6,1545,5,1,2,87,3,186,0,171,1,75,0,787,55,0,50,3,0,3,0,0,1,0,0,312,31,3,3,0,20,0,1,0,0,0,0,3,0,43,0,2,0,33,2,0,0,8,0,58,0,0,0,0,2,2,0,0,0,0,0,2,2,4,162,0,3,6,0,27,22,4,0,0,7,1,103,4,0,1,19,33,0,8,0,77,3,11,3,532,0,2,8,27,14,12,8,4,33,0,5,163,512,285,16,69,1,4,1,0,20,2,130,25,0,8,1,2,0,2,2,0,0,8,0,18,5,0,0,0,3,0,1,7,2,5,19,2,32,0,2,1,0,3,0,1,2,0,0,0,56,0,1,2,8,0,3,1,0,3,2,1,0,0,0,0,2,0,14,2,1,0,0,0,2,1,10,0,1,0,0,1,0,0,0,1,0,1,1,0,0,12,7,1,11,36,10,0,11,2,301,1,7
5358,0,0,1,0,1,405,28,0,0,385,2,84,0,591,0,2,0,877,15,0,58,0,0,1,0,0,0,0,0,114,3,0,3,0,38,0,0,0,0,0,0,0,0,0,0,0,1,67,1,0,0,11,0,0,0,0,0,0,0,0,0,0,0,0,0,0,0,0,348,1,2,0,0,0,0,0,0,0,1,0,80,1,0,5,8,41,0,1,0,142,1,4,9,869,0,0,6,37,3,1,0,1,8,0,1,155,219,122,0,84,0,0,0,0,0,0,115,35,0,0,0,0,0,0,0,0,0,2,0,0,6,0,0,0,0,0,0,0,0,29,0,0,0,0,0,0,0,0,0,0,1,1,0,7,130,13,0,1,2,0,0,0,0,1,0,0,0,5,0,1,11,0,0,0,0,0,0,0,1,1,0,0,0,0,0,0,0,0,0,0,0,0,0,0,0,0,0,0,0,47,3,0,17,0,139,2,0
4361,1,23,0,1,4,1350,12,2,3,337,0,126,0,262,0,67,1,652,71,0,48,19,0,2,0,0,0,0,0,225,33,0,1,0,15,0,0,0,0,0,0,0,0,25,0,7,0,28,1,0,1,8,0,28,0,0,2,0,0,0,0,0,0,0,0,0,0,0,92,0,1,3,1,6,5,4,0,0,3,2,74,2,0,3,24,38,0,2,0,78,10,31,24,503,0,10,5,41,5,7,1,25,10,0,2,206,860,634,22,158,0,4,1,0,132,0,136,53,0,11,2,1,0,7,10,0,12,12,0,68,21,1,0,0,4,1,0,3,9,46,48,2,51,0,3,0,0,0,0,0,0,0,0,5,28,2,0,1,10,0,0,0,0,3,0,0,0,3,1,0,3,0,24,1,2,0,1,0,2,0,3,1,2,0,1,0,0,0,0,1,1,3,0,1,4,2,0,0,11,48,68,0,47,5,301,0,11
6089,1,12,1,1,5,999,10,3,11,180,0,206,1,298,0,68,3,982,82,0,72,4,2,4,0,1,0,0,1,155,12,7,1,0,8,0,1,0,0,0,0,3,0,17,10,10,0,28,3,0,2,14,1,36,0,0,0,0,1,2,0,0,1,0,0,2,0,1,41,1,2,8,1,22,2,3,0,0,3,1,43,0,1,1,43,48,0,2,0,106,6,32,13,400,0,2,9,43,3,14,1,22,11,0,0,318,607,403,10,100,1,1,4,0,65,1,108,41,0,11,0,1,0,1,9,0,0,6,0,24,3,0,1,0,3,1,0,6,15,18,21,8,21,0,4,2,3,1,0,0,0,1,0,3,66,1,1,9,16,0,10,0,3,0,1,0,0,10,3,0,2,1,34,1,2,0,2,0,0,0,11,0,1,2,0,1,1,2,0,0,0,2,0,17,0,6,0,0,8,100,25,0,36,2,319,4,8
6291,0,7,0,0,2,886,21,0,5,124,1,100,0,221,0,39,2,1010,40,1,139,10,0,1,0,0,2,0,0,150,13,0,4,0,22,0,0,0,0,0,1,1,0,20,0,2,0,22,7,0,5,9,0,9,0,0,0,0,0,0,0,0,0,0,0,0,1,1,171,0,0,3,0,6,6,4,0,0,12,0,30,1,0,0,15,57,0,1,0,118,1,51,12,267,0,5,1,88,1,12,0,4,18,0,1,225,429,503,20,57,0,2,3,0,156,1,237,38,0,11,0,0,0,2,0,1,0,4,0,227,11,0,0,0,31,1,0,10,4,11,52,1,113,0,2,0,0,0,0,1,0,0,0,4,30,3,1,4,2,0,5,0,1,3,1,0,0,1,0,0,1,1,8,0,1,0,0,0,0,0,6,0,2,0,0,0,1,2,1,0,0,0,1,3,0,4,0,0,9,75,39,0,31,3,129,1,8
4240,0,58,0,0,1,1494,21,0,1,623,0,299,0,246,0,90,2,285,8,1,114,27,0,7,0,1,2,0,0,97,30,0,14,0,4,0,0,0,0,0,0,2,0,59,0,7,0,52,18,0,1,31,0,43,0,0,0,0,0,0,0,0,0,0,5,10,3,1,76,0,4,11,0,0,12,2,0,0,21,1,27,4,0,5,15,33,0,0,0,111,38,15,11,403,2,0,10,73,20,12,0,46,31,0,4,161,140,410,24,99,0,0,1,0,62,1,180,59,2,33,6,2,0,18,24,3,0,6,2,50,24,1,0,0,0,2,0,33,71,30,2,0,165,3,0,0,0,0,0,0,3,1,1,1,34,11,0,6,10,3,0,0,5,4,0,0,0,3,2,4,0,0,87,0,2,1,0,0,1,0,18,0,16,0,0,1,0,2,2,1,0,0,0,0,1,2,1,0,16,33,62,0,31,0,79,2,2
4558,0,27,0,0,4,842,20,0,6,1988,0,245,1,245,0,183,6,160,13,1,31,43,1,11,0,3,1,0,0,106,28,0,8,0,16,1,0,0,0,0,0,2,0,47,0,7,0,27,5,0,2,29,0,19,1,1,0,0,0,0,0,0,0,0,0,9,1,2,66,0,0,5,0,0,4,5,0,0,29,1,72,4,0,1,9,42,0,1,0,59,41,22,29,711,8,1,0,197,14,10,0,23,26,0,3,205,209,289,42,195,0,3,1,0,33,0,86,47,1,39,2,1,0,25,10,1,0,3,1,51,11,0,0,0,0,1,0,12,36,83,0,1,55,3,0,0,0,1,0,0,0,0,0,2,19,2,1,8,13,1,1,1,44,0,0,2,0,3,4,1,4,0,153,0,2,0,1,2,1,0,2,0,9,0,0,0,0,2,38,0,0,1,0,0,3,0,1,0,7,89,110,0,25,0,25,1,1
4910,1,39,0,0,2,732,16,0,1,1968,0,185,0,189,0,142,8,567,15,0,130,44,0,2,0,4,2,0,0,142,14,0,5,0,11,0,0,0,0,0,0,2,1,88,4,44,1,57,10,0,0,25,0,36,1,0,0,0,0,0,0,0,0,0,0,6,1,5,59,0,5,9,0,0,8,8,0,0,21,2,58,2,0,8,14,46,0,0,0,57,95,38,19,729,5,6,3,282,18,7,0,81,17,0,5,262,372,411,28,123,0,1,0,1,73,3,238,69,0,34,3,0,0,17,24,3,0,3,2,57,12,0,0,0,0,2,0,39,48,32,1,0,98,2,2,1,0,0,0,1,0,3,0,7,67,1,0,1,11,2,0,0,26,3,0,0,0,1,4,0,6,0,126,0,0,1,4,1,2,0,20,1,17,0,0,1,0,3,18,0,0,0,0,0,2,4,0,1,26,106,106,0,31,1,109,1,2
4022,0,16,0,0,1,930,24,0,1,1566,0,256,0,280,0,133,5,471,5,0,37,30,0,11,0,2,0,0,0,128,14,0,13,0,16,0,0,0,0,0,0,2,1,44,0,6,1,37,3,0,1,26,1,31,1,1,0,0,0,0,0,0,0,0,2,14,0,3,64,0,4,2,0,0,7,2,0,0,21,0,57,2,0,0,1,18,0,0,0,43,44,12,24,667,13,1,4,206,7,3,0,56,12,0,1,196,356,371,28,133,0,1,0,0,70,0,101,53,0,41,3,0,0,17,23,1,0,8,3,75,47,0,0,0,1,1,0,19,5,28,0,0,75,0,2,0,0,0,0,0,0,2,1,4,35,3,0,4,12,2,0,0,25,1,0,0,0,0,0,2,5,0,176,0,0,0,3,0,0,0,1,0,4,0,0,0,0,0,29,0,0,1,0,0,8,0,0,0,10,100,120,0,24,0,51,0,1
5477,0,3,0,0,2,931,31,0,2,257,1,143,0,566,0,61,7,274,20,0,105,0,0,14,0,0,1,0,0,39,15,0,0,0,24,0,0,0,0,0,0,5,0,16,0,5,1,30,4,0,0,9,0,30,0,0,0,0,0,0,0,0,0,0,0,1,0,0,128,0,2,1,0,0,0,4,0,0,3,0,53,3,0,0,17,37,0,0,10,687,4,33,4,214,0,0,0,94,23,10,2,43,12,0,3,609,341,294,14,203,7,1,1,0,0,0,184,14,0,14,1,1,0,0,8,0,0,9,0,0,33,2,2,0,3,0,0,0,3,197,1,1,25,1,0,0,0,0,0,0,0,1,0,5,77,0,0,2,0,1,1,2,3,0,0,0,0,6,0,0,1,1,42,0,2,0,0,0,2,1,177,0,5,0,0,0,0,0,29,1,0,0,0,13,0,6,0,0,2,40,14,0,14,1,431,0,0
4581,0,2,0,0,4,947,33,0,1,190,1,208,1,779,0,30,6,605,29,0,59,0,0,5,2,0,1,0,0,132,17,0,1,0,26,0,0,0,0,0,0,6,0,12,0,28,2,34,1,0,1,15,0,29,0,0,0,0,0,0,0,0,0,2,0,5,0,2,246,1,0,6,0,0,1,8,0,0,5,0,66,3,0,4,9,32,0,0,2,287,5,55,3,454,0,0,1,24,28,12,3,34,15,0,3,284,185,147,4,70,0,1,0,0,0,0,176,13,0,9,4,2,0,0,2,1,0,7,0,0,7,1,11,0,1,0,0,0,6,79,1,2,20,2,0,1,0,0,0,0,0,4,0,11,217,0,0,4,0,1,0,1,0,3,0,0,0,4,0,0,2,0,27,1,0,0,0,0,0,1,8,0,1,0,0,0,0,0,2,0,0,0,0,9,0,1,0,0,6,8,13,0,9,0,208,0,1
5116,0,0,0,0,0,1110,46,0,0,132,4,171,1,770,0,32,1,330,5,0,101,1,0,6,0,0,2,0,0,95,29,0,3,0,29,0,0,0,0,0,0,1,0,10,1,3,6,84,0,0,3,6,0,34,0,0,1,0,0,0,0,0,0,0,0,10,0,3,197,0,0,0,0,0,1,15,0,0,2,0,101,0,0,2,19,56,0,1,6,386,12,69,1,322,0,0,0,46,9,7,0,20,14,0,2,429,411,132,7,119,2,2,0,0,0,0,304,26,0,16,2,1,0,0,1,0,0,5,0,0,15,0,5,0,0,0,0,0,3,108,0,0,52,0,0,0,0,0,0,0,0,1,0,16,409,0,0,7,8,0,0,0,0,2,0,0,0,3,0,6,1,0,56,0,1,0,0,0,1,0,12,0,2,0,0,0,0,0,1,0,0,0,0,32,0,5,0,0,5,28,10,0,7,0,339,0,2
5270,0,16,0,0,1,676,32,0,4,632,1,97,1,228,0,145,17,600,18,0,24,16,0,5,0,0,0,0,0,137,11,0,3,0,4,0,1,0,0,0,0,4,0,14,1,18,0,12,0,0,3,8,0,36,0,2,0,0,2,0,0,1,5,0,1,13,1,0,181,0,0,0,0,0,1,1,0,0,11,2,30,1,3,1,7,34,24,0,0,194,6,9,6,437,0,0,0,38,20,13,0,2,17,0,7,175,355,230,39,114,1,0,12,0,0,1,84,10,0,2,0,1,0,3,4,1,0,17,0,0,64,1,0,0,5,0,0,0,6,45,0,1,7,0,0,0,0,0,0,0,0,1,0,10,196,53,2,0,4,0,1,0,2,5,0,10,2,7,0,2,1,0,4,1,0,2,0,18,0,0,19,0,0,0,0,0,0,1,0,0,0,0,4,5,0,13,0,1,5,34,9,0,19,1,258,1,0
4247,0,3,0,0,8,1154,39,0,3,178,1,213,7,400,0,144,6,211,36,1,19,9,0,6,0,0,5,0,0,144,4,0,7,0,18,0,0,0,0,0,0,7,0,30,0,25,1,32,1,0,3,8,1,38,0,0,1,0,0,0,0,0,0,0,2,4,0,3,50,0,5,7,0,0,3,12,0,0,5,0,52,3,0,5,16,38,1,5,4,163,3,34,6,298,0,0,0,47,78,36,0,25,49,0,11,248,251,200,2,92,0,9,4,0,0,2,86,10,1,18,4,2,0,0,6,3,0,9,0,0,20,1,21,0,5,1,0,0,1,47,0,6,17,1,2,6,0,0,0,0,0,7,0,3,221,0,0,17,6,0,1,4,2,1,0,0,0,15,3,1,0,0,117,0,0,0,0,0,0,0,98,1,0,1,0,0,0,5,3,4,0,1,5,19,0,2,0,0,14,30,16,0,17,0,287,2,0
4633,0,39,0,0,2,406,38,0,1,342,0,98,3,175,0,136,11,636,14,0,68,1,0,3,0,0,1,0,0,59,14,1,0,0,9,0,0,0,0,0,0,9,0,14,0,11,0,12,5,0,0,5,0,39,0,0,0,0,0,0,0,0,0,0,2,6,0,0,195,0,1,3,0,0,5,0,0,0,16,0,38,0,0,4,8,33,3,0,0,282,8,35,8,172,0,0,1,90,17,3,1,6,7,0,4,315,249,253,55,148,0,1,6,0,3,0,137,9,0,1,1,3,0,0,1,0,0,7,0,0,25,0,0,0,10,0,0,1,20,16,0,0,9,0,4,0,0,0,0,0,0,1,0,13,190,14,0,1,3,2,1,1,1,1,0,1,0,7,0,1,7,0,40,1,1,0,0,0,0,0,17,0,0,1,0,0,1,4,4,0,0,1,6,0,0,4,2,2,1,45,25,0,18,0,427,0,0
6311,0,0,0,0,0,474,23,0,0,1713,0,115,0,130,0,0,0,1340,0,0,88,6,0,0,0,0,0,0,0,133,0,2,7,0,12,0,0,0,0,0,0,0,0,0,0,9,0,1,0,0,0,1,3,0,0,0,0,0,0,0,0,0,0,0,0,0,0,0,0,0,0,1,0,0,0,1,0,0,10,0,77,1,0,1,0,65,0,0,0,2,27,85,8,0,0,0,0,105,16,0,0,6,9,0,0,208,914,271,15,0,0,0,0,0,0,0,84,34,0,0,0,0,0,0,0,5,0,0,0,0,443,0,0,0,4,0,0,4,0,0,0,0,0,2,0,0,0,0,0,0,0,0,0,11,2,0,0,0,16,0,0,0,0,0,0,0,0,0,4,3,0,0,6,0,0,0,0,0,0,0,8,0,0,0,0,0,0,0,0,0,0,0,0,0,0,13,0,0,0,10,0,0,56,0,213,0,0
5641,0,1,0,0,0,478,17,0,0,86,0,44,1,118,0,7,1,1226,4,0,65,1,0,1,0,0,0,0,0,45,4,1,2,0,12,0,0,1,0,0,3,0,0,6,0,3,0,1,0,0,1,0,0,2,0,0,0,0,0,0,0,0,0,0,0,0,0,0,0,0,1,0,0,0,0,0,0,0,8,0,13,0,1,0,10,41,1,0,0,336,4,20,3,308,0,0,0,15,11,0,5,4,2,0,4,99,353,420,55,43,0,0,0,0,0,0,125,12,0,0,0,0,0,0,0,0,0,2,0,0,67,1,0,0,2,0,0,0,0,2,0,0,0,0,0,0,0,0,0,0,0,1,0,2,27,0,0,0,7,0,0,0,0,1,0,1,0,0,0,0,0,0,6,0,0,0,0,0,0,0,9,0,0,0,0,0,0,0,0,1,0,0,0,0,0,0,0,0,0,7,4,0,14,0,211,0,0
4856,1,15,0,0,4,1726,69,0,7,400,1,395,0,439,0,153,10,18,7,0,51,0,0,10,0,0,2,2,1,175,13,2,0,0,0,0,0,0,0,0,0,9,0,12,0,8,0,41,5,0,0,5,0,105,0,0,1,0,0,1,0,0,0,0,0,3,0,1,125,0,0,2,0,0,5,14,2,0,34,1,37,0,1,1,7,39,1,4,0,345,2,41,10,669,0,0,0,170,2,9,1,3,11,0,3,471,1069,449,15,267,0,0,1,0,129,2,92,48,0,14,3,0,0,3,18,1,0,18,0,16,139,2,0,0,0,0,0,0,3,3,0,0,21,0,4,0,0,0,0,0,2,0,0,0,56,0,2,0,24,1,0,0,8,0,1,0,0,4,3,0,5,0,30,1,0,0,0,0,0,0,20,0,0,0,0,0,0,7,47,0,0,0,0,0,0,5,0,5,1,47,4,0,21,1,346,0,0
4318,2,37,2,0,5,1774,24,0,18,1224,6,308,3,629,0,106,28,147,37,0,54,6,0,37,0,0,3,2,1,136,62,1,1,0,10,3,2,0,0,0,0,15,1,14,6,1,0,12,8,0,2,10,0,11,1,0,1,0,2,1,0,1,1,0,0,20,3,0,311,0,1,5,0,0,4,20,0,0,7,2,59,1,3,11,36,40,5,5,0,105,52,14,16,649,0,1,0,60,1,20,6,4,32,0,1,197,1208,415,24,264,0,0,0,0,30,1,96,136,0,109,6,0,0,5,43,1,0,20,1,47,26,14,0,0,0,0,0,0,28,4,0,0,17,0,9,1,0,1,0,2,2,0,0,0,88,3,9,13,23,0,0,1,24,11,1,0,0,26,4,2,6,2,113,14,13,0,1,0,1,0,1,0,1,3,0,0,2,5,21,0,0,0,5,0,8,0,0,0,3,38,14,0,21,5,133,5,0
5622,0,0,1,2,2,1413,51,0,14,689,2,123,0,1393,0,86,11,375,43,1,98,0,0,10,0,0,5,2,2,77,18,1,2,0,1,6,44,1,0,0,0,4,1,0,10,10,0,16,6,0,5,12,0,8,1,1,3,0,1,0,0,0,1,0,3,6,0,1,242,0,1,1,0,0,3,29,0,0,14,0,59,3,1,10,8,101,1,0,0,125,8,60,12,539,0,3,2,233,6,7,1,0,35,0,9,517,1901,279,17,205,0,0,0,0,95,4,255,26,0,0,2,0,0,4,7,0,0,2,0,7,59,2,0,0,3,1,0,2,4,13,0,0,80,0,3,1,0,1,0,2,1,5,0,0,194,0,7,1,16,0,0,0,3,3,0,0,0,1,9,6,1,1,22,1,6,0,0,0,0,1,4,1,0,0,0,0,0,0,25,0,0,0,2,0,1,1,0,0,1,70,30,0,56,2,392,0,5
3168,2,8,0,0,8,2330,26,0,171,500,4,415,0,420,0,214,18,28,53,0,133,13,5,12,0,0,24,6,10,251,91,29,4,0,4,5,27,5,0,1,0,21,0,3,8,39,0,146,6,0,1,54,0,72,5,0,4,0,7,3,0,0,3,0,0,16,3,1,66,0,3,0,0,0,8,34,0,0,35,3,55,0,9,8,19,10,4,12,2,113,24,8,11,692,0,0,0,97,63,30,2,5,39,0,1,167,1466,358,17,282,0,0,2,0,30,2,52,164,0,35,12,0,0,9,10,2,0,5,4,14,44,3,0,0,4,9,0,0,14,28,0,0,0,0,0,2,0,1,0,4,2,0,0,0,104,0,7,3,38,0,0,3,114,0,1,0,0,5,2,1,4,3,68,3,3,0,1,1,0,1,9,0,0,1,0,0,0,6,56,0,0,0,5,0,1,1,1,0,4,58,20,0,28,1,90,0,0
7198,0,3,0,0,0,202,9,0,0,101,0,62,0,443,0,13,0,1020,0,0,157,1,0,3,0,0,0,0,0,71,0,0,0,0,10,0,0,0,0,0,0,0,0,4,0,0,0,2,0,0,2,0,1,13,0,0,0,0,0,0,0,0,0,0,0,0,0,0,201,0,2,0,0,0,3,0,0,0,2,0,108,1,0,2,0,97,0,0,0,381,1,48,5,93,0,0,0,101,7,0,4,1,7,0,3,405,237,272,9,44,4,1,0,0,35,0,408,2,0,0,0,0,0,1,1,0,0,1,0,6,1,0,0,0,2,0,0,0,0,19,0,0,8,0,0,0,0,0,0,0,0,0,0,18,183,11,0,0,0,0,0,0,0,2,0,0,0,0,0,0,24,0,15,0,0,0,0,0,0,0,3,0,0,0,0,0,0,0,0,0,0,0,0,5,0,3,0,0,3,35,56,0,4,0,217,0,2
6445,0,45,8,0,8,456,24,0,0,88,1,70,0,470,0,3,4,2092,0,0,362,0,0,1,0,0,1,0,0,82,56,1,2,0,27,0,0,0,0,0,0,0,0,11,0,0,0,18,2,0,1,4,0,24,0,0,0,0,0,0,0,0,0,0,0,2,0,1,351,0,4,5,0,0,4,0,0,0,8,0,71,0,0,30,0,88,0,1,0,242,18,37,2,367,0,0,0,7,9,3,104,12,25,0,13,304,543,177,1,5,0,0,0,0,86,0,473,25,0,0,0,0,0,0,0,1,0,4,0,33,0,0,0,0,3,0,0,0,4,1,0,3,5,0,1,0,0,0,0,0,0,0,0,14,61,18,0,0,1,0,0,2,0,2,0,0,0,0,0,5,36,4,45,0,0,0,0,0,0,0,16,0,0,0,0,0,0,0,0,2,0,0,1,148,0,6,0,0,4,3,9,0,13,0,354,1,13
7400,0,33,0,0,5,555,7,0,0,15,3,17,0,397,0,6,2,2465,0,0,348,0,0,0,0,2,0,0,0,37,30,0,5,0,13,0,0,0,0,0,0,1,0,14,0,0,0,42,0,0,7,6,2,14,0,0,0,0,0,0,0,0,0,0,0,0,0,2,579,0,3,9,0,0,2,0,0,0,0,0,88,0,0,10,0,135,0,0,1,300,8,31,1,105,0,0,0,13,15,3,406,2,58,0,12,53,225,151,0,1,0,0,0,0,52,3,848,19,0,0,0,0,0,0,0,1,0,0,0,10,0,0,0,0,7,3,0,0,3,0,0,5,0,0,2,2,0,0,0,0,0,0,0,18,0,3,0,0,2,1,0,2,0,0,0,0,0,0,0,1,13,3,6,0,0,0,0,0,0,2,5,0,0,0,0,0,0,0,0,4,0,1,0,256,0,1,0,0,2,0,0,0,2,1,438,1,39
5132,1,24,0,1,5,588,11,0,0,548,3,224,1,293,0,279,18,170,45,0,86,12,0,16,0,0,2,0,0,76,3,1,0,0,15,0,0,0,0,0,0,2,0,40,0,3,0,19,0,0,0,6,2,30,0,0,0,0,0,0,0,0,2,0,2,4,1,2,160,0,8,9,0,0,4,19,0,0,10,0,26,0,2,5,23,56,1,1,1,182,20,4,5,507,0,20,0,323,32,25,0,7,11,0,1,373,1987,768,18,327,3,0,0,0,5,2,68,22,0,0,1,0,0,7,33,1,0,37,0,1,70,0,0,0,3,0,0,13,4,141,1,0,27,0,4,0,0,0,0,0,0,0,0,0,12,32,0,5,26,1,2,6,0,1,0,0,0,10,2,0,1,0,39,0,1,0,2,1,2,0,18,0,1,0,0,0,1,1,4,0,0,2,0,3,0,12,0,0,21,40,6,0,55,3,97,1,0
6316,0,36,1,0,3,481,29,0,0,240,1,76,0,982,0,31,1,765,0,0,187,0,0,0,0,0,2,0,0,94,51,0,0,0,16,0,0,0,0,0,0,1,0,24,0,0,0,6,0,0,3,5,1,35,0,0,0,0,0,0,0,0,0,0,0,1,1,1,588,0,4,10,1,0,1,0,0,0,8,0,89,0,0,12,0,72,0,0,0,317,10,55,2,620,0,0,0,64,4,3,20,8,19,0,5,319,530,89,0,61,0,0,0,0,64,0,404,10,0,0,0,0,0,1,3,0,0,3,0,29,0,0,0,0,3,0,0,0,3,8,0,0,4,0,0,0,0,0,0,0,0,0,0,21,133,8,0,0,9,0,0,1,0,0,0,0,0,0,0,1,15,3,11,0,0,0,0,0,0,1,8,0,0,3,0,0,0,0,0,4,0,0,1,111,0,6,0,0,15,19,1,0,4,1,379,1,7
4758,0,4,0,38,0,354,3,0,0,155,13,54,0,596,0,17,0,620,30,0,95,0,0,2,0,0,2,0,0,19,9,4,1,0,8,0,0,0,0,0,0,1,0,9,2,6,0,34,2,0,4,1,0,2,1,0,0,0,0,0,0,0,1,0,1,0,5,6,105,0,8,17,1,0,5,7,0,3,4,0,33,1,3,24,85,82,4,0,1,329,20,8,1,170,0,6,0,17,7,23,0,31,13,0,0,80,470,303,0,29,0,0,0,0,0,1,138,40,0,3,1,3,0,0,1,2,0,0,0,0,3,0,0,0,3,1,0,21,1,2,2,4,234,0,16,1,0,0,0,0,2,0,0,6,17,24,0,10,8,7,2,1,0,5,0,0,0,7,0,0,0,0,4,0,4,0,0,0,8,0,13,0,3,0,1,0,0,0,0,2,0,1,0,224,0,2,0,0,8,1,2,0,8,3,177,18,0
3133,0,2,0,0,0,207,7,0,0,205,2,31,0,179,0,12,1,420,6,0,28,0,0,0,0,0,1,0,0,45,2,0,0,0,13,0,0,0,0,0,0,0,0,10,0,0,0,7,0,0,0,2,0,2,0,0,1,0,0,0,0,0,0,0,0,1,1,4,85,0,1,2,0,0,3,3,0,0,1,0,34,0,0,0,7,57,1,0,0,182,4,13,2,191,0,3,0,92,7,17,0,2,14,0,0,134,536,152,2,94,0,0,0,0,2,0,84,10,0,0,1,0,0,0,0,0,0,0,0,0,14,0,0,0,0,0,0,3,2,0,0,0,10,0,1,0,0,0,0,0,0,0,0,4,143,1,0,2,6,1,1,1,0,0,0,0,0,6,1,0,0,0,8,0,2,0,0,0,0,0,8,0,1,0,0,0,0,0,0,0,0,0,0,0,0,0,1,0,3,1,0,0,1,0,159,0,0
4825,0,5,0,5,5,385,9,0,0,153,2,113,1,355,0,148,1,1150,22,0,148,0,0,10,0,0,1,0,0,61,5,2,1,0,17,0,0,0,0,0,1,3,0,15,0,4,0,11,1,0,5,4,0,24,0,0,1,0,0,0,0,0,0,0,0,1,1,2,77,0,0,1,1,0,2,8,0,0,1,0,38,1,0,4,22,74,5,0,1,448,3,36,6,438,0,8,0,271,27,16,0,0,14,0,1,241,785,930,16,131,0,0,0,0,26,0,173,36,0,8,0,2,0,0,5,0,0,14,0,25,28,0,0,0,5,1,0,3,10,15,18,0,23,0,18,0,0,0,0,0,1,0,0,7,173,13,0,12,17,1,3,0,3,1,0,0,0,5,2,0,0,0,38,0,2,0,0,0,0,0,21,0,0,0,0,0,0,0,1,0,0,0,0,0,0,6,0,0,7,11,4,0,17,0,249,6,0
5200,0,1,0,25,0,513,13,0,0,121,6,49,0,218,0,12,2,681,14,0,128,0,0,0,0,0,2,0,0,85,6,0,8,0,18,0,0,0,0,0,0,0,1,17,0,16,1,76,1,8,2,18,0,3,0,1,0,0,0,0,0,0,0,1,0,2,2,3,628,0,2,3,0,0,28,11,0,0,4,0,15,3,0,12,60,24,0,6,2,202,14,44,2,885,0,0,0,1,10,28,0,43,54,0,30,129,20,96,0,1,0,8,0,0,0,0,234,63,0,0,0,0,0,0,0,1,0,14,0,0,0,0,0,0,3,0,0,0,2,4,64,0,773,0,0,0,0,0,0,0,0,2,0,26,6,4,0,4,3,0,0,3,0,0,0,0,0,7,0,5,0,0,0,0,0,3,0,0,0,0,3,0,5,0,0,0,0,0,0,0,0,0,0,0,0,0,0,0,0,0,4,0,0,2,560,62,7
5279,0,0,0,372,0,608,3,0,0,0,4,33,0,376,0,4,0,963,0,0,88,0,0,0,0,0,2,0,0,73,20,0,5,0,6,0,0,0,0,0,0,2,0,6,1,15,14,109,0,2,3,9,0,0,0,0,1,0,0,0,1,0,0,1,0,1,1,8,387,0,3,45,0,0,20,5,0,0,5,0,24,5,0,19,155,55,0,2,1,142,0,8,0,500,0,0,0,0,5,16,0,48,46,0,6,17,37,133,0,1,0,2,0,0,0,0,284,27,0,0,0,0,0,0,0,1,0,10,0,0,0,0,0,0,0,0,0,0,0,0,5,0,119,0,0,0,0,0,0,0,0,0,0,16,0,1,0,0,3,2,0,1,0,0,0,0,0,2,0,13,0,0,0,0,0,2,0,0,0,0,2,0,17,0,0,0,0,0,0,0,0,0,0,0,0,0,0,0,0,1,6,0,10,0,71,95,11
5946,0,1,0,11,0,746,16,0,0,23,0,214,0,258,0,48,1,504,22,0,25,0,0,0,0,0,1,0,0,220,5,0,5,0,12,0,0,0,0,0,0,0,0,15,0,7,1,135,0,433,7,49,0,14,0,0,0,0,0,0,0,0,0,0,0,4,6,3,588,0,5,4,0,0,9,5,0,0,3,0,61,0,0,0,49,42,0,1,1,47,8,38,9,1014,0,0,0,52,8,13,0,11,17,0,4,121,390,259,0,29,0,4,0,0,0,0,159,60,0,0,1,0,0,0,0,1,0,8,0,0,0,0,0,0,0,0,0,0,0,13,1,0,17,0,0,0,0,0,0,0,0,0,0,9,10,0,0,0,6,0,0,2,0,0,0,0,0,12,0,1,0,0,0,0,0,4,0,0,0,0,10,0,1,0,0,0,0,0,1,0,0,0,0,0,0,0,0,0,0,0,6,0,9,0,110,8,1
5775,0,0,0,11,0,435,40,0,0,115,1,102,0,209,0,20,2,839,0,0,104,0,0,0,0,0,2,0,0,152,2,0,4,0,22,0,0,0,0,0,0,1,0,10,0,14,3,59,0,100,1,17,0,18,0,0,0,0,0,0,0,0,0,6,0,2,0,1,691,0,1,4,0,0,1,5,0,0,11,0,62,0,0,4,29,55,0,0,0,141,0,32,2,757,0,0,0,10,7,4,0,11,27,0,50,161,107,103,0,0,0,2,0,0,0,0,311,33,0,0,0,0,0,0,0,1,0,16,0,0,0,0,0,0,0,0,0,0,1,1,5,0,276,0,0,0,0,0,0,0,0,2,0,46,7,2,0,2,4,0,0,1,0,0,0,0,0,3,0,2,0,0,0,0,0,1,0,0,0,0,5,0,6,0,0,0,0,0,0,0,0,3,0,0,0,0,0,0,0,0,1,0,4,0,636,3,7
3498,1,4,1,0,0,782,14,0,0,956,0,67,1,286,0,5,1,68,6,2,201,2,0,4,0,0,0,0,0,267,11,0,4,0,3,1,0,0,0,0,0,0,0,5,4,1,0,36,3,0,0,3,0,10,0,0,0,0,0,0,0,0,0,0,0,3,0,3,192,0,5,1,0,3,7,10,0,1,3,0,18,2,1,1,2,46,0,6,0,150,7,21,1,983,0,3,2,30,11,10,0,26,19,0,26,33,835,145,17,68,3,3,1,0,48,0,153,15,0,4,0,0,0,2,10,0,0,3,0,22,2,0,0,0,8,2,0,14,3,33,70,5,22,0,0,0,0,0,0,2,0,3,0,9,83,6,2,2,3,0,0,2,0,0,0,0,0,0,0,2,0,0,5,0,0,0,0,0,16,0,8,0,1,0,0,0,0,1,0,3,0,0,1,141,0,1,0,0,1,11,141,0,10,3,1099,3,2
4981,1,0,1,0,0,374,17,0,0,223,0,60,0,484,0,0,2,478,2,2,99,1,0,3,0,1,16,0,0,144,9,0,16,0,20,8,0,0,0,0,0,1,0,3,0,8,0,16,5,0,3,3,0,5,0,1,0,0,4,3,0,0,3,0,2,3,0,9,735,0,0,5,0,18,3,5,0,0,3,2,57,10,1,0,31,38,0,5,0,270,10,31,8,319,0,5,2,10,19,22,0,29,17,0,4,35,258,398,37,70,0,8,4,0,6,0,135,22,0,2,2,1,0,14,2,5,1,2,0,13,4,0,0,0,21,5,0,76,1,34,75,1,14,0,0,0,1,1,0,2,1,9,1,1,84,4,0,3,2,1,0,0,0,0,0,1,0,0,1,5,3,0,0,0,1,0,0,0,5,0,4,0,1,0,0,0,0,0,0,2,0,0,0,131,0,0,0,0,2,12,94,0,6,4,622,3,2
4755,0,3,0,0,0,1438,16,0,0,1059,1,192,3,510,0,96,2,115,16,2,35,0,0,0,0,0,3,0,0,237,19,0,4,0,4,4,0,0,0,0,0,2,0,22,1,4,0,27,1,0,2,2,1,63,0,0,0,0,0,0,0,0,0,0,1,6,0,1,263,0,5,1,0,13,0,5,0,0,18,0,45,6,0,1,10,56,0,4,0,91,15,24,8,760,0,3,3,164,20,12,0,52,24,0,4,21,703,354,22,137,2,4,5,0,33,0,93,36,0,3,1,1,1,1,1,0,1,5,0,18,8,0,0,0,3,0,0,37,14,91,19,0,4,0,3,0,0,0,0,2,0,1,0,1,235,4,0,3,8,2,0,1,0,3,1,0,0,4,7,4,0,1,80,0,4,0,1,0,0,0,41,0,2,0,0,0,0,0,0,1,0,0,0,7,0,13,3,0,4,49,112,0,22,1,366,0,4
5504,0,10,0,26,0,527,16,0,0,37,0,69,0,243,0,40,0,941,12,0,95,0,0,1,0,0,0,0,0,34,17,0,0,0,5,0,0,0,0,0,0,9,0,10,0,1,0,36,0,0,0,1,0,2,0,0,0,0,0,0,0,0,0,0,0,1,0,1,115,0,0,0,0,3,1,7,0,0,0,0,11,0,0,0,8,52,1,0,3,407,2,12,6,390,0,3,0,47,3,5,0,8,5,0,4,219,320,171,51,89,6,0,1,0,2,0,246,10,0,1,0,0,0,1,11,0,0,21,0,21,104,0,0,0,3,0,0,0,0,64,0,0,9,0,2,0,0,0,0,0,0,1,0,11,171,21,0,1,3,0,0,0,0,3,0,0,0,1,3,0,1,0,0,0,3,0,0,0,0,0,0,0,0,0,0,1,0,0,0,0,0,0,0,0,0,0,0,0,1,16,2,0,12,0,953,0,0
3902,0,6,0,0,0,1801,25,0,0,566,2,202,0,341,0,26,2,351,11,1,60,0,0,2,0,0,1,0,0,272,13,1,8,0,13,0,0,1,0,0,0,1,0,15,1,8,0,24,6,0,1,3,3,81,0,0,0,0,0,0,0,0,0,0,1,0,0,4,102,0,1,0,0,5,4,9,0,0,3,3,39,3,1,8,12,47,0,4,0,106,15,36,10,270,0,0,2,190,17,10,1,13,36,0,28,75,837,366,4,25,0,5,0,0,18,0,154,28,0,1,3,5,0,3,7,0,1,6,0,15,1,1,0,0,7,3,0,37,1,7,37,1,19,0,0,1,0,0,0,1,0,2,1,6,160,2,0,8,12,7,0,0,0,2,1,0,0,1,1,8,3,0,189,0,0,0,0,0,3,0,39,0,0,1,0,0,0,0,0,1,0,0,1,64,0,8,2,0,3,38,32,0,7,4,378,1,1
4866,0,0,0,6,1,676,20,0,0,20,0,86,0,176,0,67,1,456,6,0,124,4,0,23,0,0,0,0,0,77,10,0,1,0,6,0,0,0,0,0,0,0,0,2,0,1,0,16,1,0,0,2,0,0,0,0,0,0,0,0,0,0,0,0,0,2,0,1,115,0,2,0,0,1,2,26,0,0,4,0,27,1,0,0,1,66,0,0,0,481,1,22,9,346,0,4,0,45,6,5,0,2,2,0,3,233,165,120,48,177,0,0,0,0,13,0,293,10,0,8,1,0,0,2,23,0,0,14,0,2,76,1,0,0,0,0,0,0,4,162,0,0,0,0,0,0,0,0,0,0,0,0,0,10,124,16,5,2,2,0,3,0,1,1,0,0,0,2,0,0,0,0,0,0,3,0,0,0,1,0,0,0,1,0,0,0,0,0,40,0,0,2,0,1,0,0,0,0,1,23,1,0,14,0,763,1,0
6031,0,2,2,20,1,554,25,0,1,36,2,141,0,326,0,96,6,931,5,0,178,4,0,34,0,0,0,0,0,94,3,0,1,0,7,0,0,0,0,0,0,9,0,2,0,2,0,16,6,0,1,7,0,4,0,0,0,0,0,0,0,0,1,0,0,5,0,3,292,0,1,1,0,2,0,22,0,0,2,3,39,0,0,2,5,61,0,0,3,429,3,27,13,516,0,8,0,50,5,15,0,1,7,0,5,262,148,153,34,214,0,0,1,0,5,0,335,11,2,2,0,0,0,0,25,0,0,25,0,3,58,2,0,0,3,0,0,0,4,189,0,0,0,0,0,0,0,0,0,0,0,0,1,9,87,10,5,1,4,0,2,0,0,2,0,0,0,6,2,0,1,1,3,2,0,0,0,0,0,0,0,0,0,1,0,0,0,0,17,0,2,2,0,0,0,0,0,0,1,30,2,0,18,0,628,1,0
5782,0,0,0,150,0,151,7,0,0,0,3,34,0,402,0,0,0,816,1,0,244,0,0,0,0,0,0,0,0,46,4,0,0,0,26,0,0,0,0,0,0,0,0,0,0,2,0,16,1,0,0,2,0,1,0,0,0,0,0,0,0,0,0,0,0,0,0,0,442,0,0,0,0,0,0,0,0,0,0,0,60,0,0,0,10,56,0,0,0,533,0,8,0,125,0,0,23,0,1,0,0,6,3,0,0,56,54,178,0,0,0,0,0,0,0,0,211,4,0,0,0,0,0,0,0,0,0,5,0,0,2,0,0,0,3,0,0,0,0,0,8,0,34,0,0,0,0,0,0,0,0,0,0,15,33,1,0,1,2,0,0,0,0,1,0,0,0,0,0,0,0,0,1,0,0,0,0,0,11,0,3,0,0,0,0,0,0,0,0,0,0,0,0,392,0,0,0,0,0,0,0,0,6,0,329,0,0
4467,0,0,0,23,0,414,2,0,0,5,1,57,0,538,0,0,1,350,5,0,154,0,0,1,0,0,1,0,0,112,1,0,0,0,2,2,0,3,0,0,0,0,0,1,0,1,0,40,7,0,1,3,0,8,0,0,0,0,0,0,0,0,0,0,0,3,0,3,584,0,2,3,0,0,1,0,0,0,3,0,45,1,0,4,27,49,0,0,0,183,1,11,3,474,0,1,19,0,5,1,0,8,7,0,2,90,102,221,0,15,0,0,0,0,0,0,163,41,0,1,0,0,0,0,1,0,0,3,0,0,8,0,0,0,0,0,0,0,2,1,8,0,116,0,0,0,0,0,0,0,0,1,0,16,65,0,0,3,3,0,1,0,0,0,0,0,0,0,0,0,1,0,2,0,0,0,0,0,7,0,3,0,0,0,0,0,0,0,0,0,0,0,0,122,0,0,0,0,0,2,4,0,2,0,213,0,0
3664,0,0,0,152,0,470,1,0,0,0,1,32,0,369,0,0,1,2654,0,0,3,0,0,0,0,0,1,0,0,47,4,0,0,0,7,0,0,0,0,0,0,1,9,0,0,16,0,61,3,0,2,6,0,0,0,0,0,0,0,0,247,0,0,276,0,0,0,3,177,0,0,1,0,0,2,4,0,0,3,0,58,0,0,0,17,27,0,0,0,117,0,0,0,489,0,0,60,0,12,6,0,1,18,0,2,1,42,86,0,0,0,0,1,0,0,0,111,13,0,8,0,0,0,0,0,0,0,4,0,0,0,0,0,0,2,3,0,0,1,0,0,0,0,0,0,0,0,0,0,0,0,2,0,3,4,0,0,0,3,2,0,0,0,0,0,0,0,1,0,0,0,0,0,1,1,0,0,0,2,1,1,0,0,0,0,0,0,0,0,0,0,0,0,410,0,0,0,0,0,0,4,0,3,0,73,2,0
7756,0,1,0,346,0,181,0,0,7,3,0,6,0,786,1,0,1,1654,9,0,132,0,0,1,0,0,0,0,0,42,2,4,1,2,40,0,0,0,0,0,0,1,0,1,0,6,0,24,3,0,2,0,0,0,0,0,0,0,0,0,76,0,0,78,0,0,0,1,1166,0,0,0,0,0,1,2,0,0,1,0,63,3,0,5,16,84,0,0,0,421,0,20,2,254,0,0,30,0,6,2,0,3,13,0,3,0,236,79,0,0,0,0,0,0,0,0,672,25,0,2,1,0,0,0,0,0,0,9,0,0,1,0,0,0,0,0,0,0,0,0,0,0,22,0,0,0,0,0,0,0,0,1,0,20,47,4,0,1,0,1,0,0,0,1,0,1,0,0,0,0,0,0,0,0,0,0,0,0,0,3,5,0,0,0,0,0,0,0,0,0,0,0,1,793,0,0,0,0,0,4,0,501,3,0,616,0,0
6482,0,4,1,42,0,901,0,0,0,0,1,159,0,549,14,0,0,899,0,0,9,0,0,0,0,0,0,0,0,356,0,0,87,0,1,0,0,0,0,0,0,0,0,0,0,4,0,89,3,0,3,1,0,6,0,0,0,0,0,0,0,0,0,17,0,0,0,1,1016,0,0,1,0,0,3,2,0,0,1,2,337,0,0,0,4,46,0,1,1,77,2,0,0,994,0,1,3,0,6,10,38,1,14,0,4,12,308,130,0,1,0,0,0,0,0,0,448,9,0,0,0,0,0,0,0,0,0,0,0,2,0,0,0,0,0,0,3,2,0,0,13,0,1,0,0,0,0,0,0,0,0,0,0,7,33,1,0,2,1,0,0,0,0,0,0,0,0,0,0,1,0,0,21,0,0,0,0,0,8,0,19,0,0,0,0,0,0,0,0,0,0,0,0,243,0,0,0,0,0,0,0,0,2,0,46,0,35
6903,0,1,1,48,0,383,5,0,0,158,1,14,0,887,0,0,1,85,0,0,619,0,1,1,0,0,1,0,0,63,4,0,27,0,28,0,0,0,0,0,0,0,1,0,0,6,0,58,49,0,1,1,0,0,0,1,0,0,0,0,0,0,0,0,0,0,0,2,292,0,0,4,0,0,6,8,0,0,2,1,134,0,0,0,2,86,0,0,3,636,2,46,3,157,0,13,1,0,1,34,27,0,4,0,53,42,63,105,6,31,5,0,0,0,26,0,548,17,0,1,0,0,0,3,6,0,0,5,0,16,0,0,0,0,134,0,0,2,1,30,38,0,1,0,0,0,0,0,0,0,0,0,0,17,92,0,0,0,0,0,0,0,0,19,0,0,0,0,0,12,19,0,0,0,0,0,0,1,213,0,2,0,0,0,0,0,0,0,0,1,0,0,0,319,0,0,0,0,0,6,23,0,9,0,401,1,4
8914,0,5,0,27,0,411,4,0,0,72,0,34,0,640,0,0,1,476,0,0,109,1,0,0,0,0,0,0,0,96,3,0,9,0,31,5,0,0,0,0,0,0,2,0,0,6,0,100,2,0,2,3,0,0,0,0,0,0,0,0,0,0,0,0,0,0,0,0,328,0,1,2,0,0,0,1,0,0,1,0,166,0,0,3,3,135,0,0,1,572,2,25,1,319,0,1,0,0,1,3,22,15,16,0,13,28,584,79,0,11,0,0,0,0,131,0,554,12,1,0,0,0,0,0,1,0,0,4,0,29,0,0,0,0,15,0,2,1,0,2,14,0,1,0,0,0,0,0,0,0,0,0,0,66,140,0,0,0,6,1,0,0,0,3,0,0,0,0,0,2,7,0,0,0,0,0,0,0,32,0,0,0,2,0,0,0,0,0,0,0,0,0,0,387,0,0,0,0,1,2,4,2,19,0,273,2,3
8056,0,0,1,21,0,323,6,0,0,45,0,21,0,650,1,0,1,370,0,0,380,1,0,0,0,0,0,0,0,52,5,0,15,0,54,3,1,0,0,0,0,0,13,0,0,5,0,74,13,0,0,1,2,7,0,0,0,0,0,0,0,0,0,1,0,0,0,4,615,0,3,4,0,0,1,5,0,0,0,0,84,0,0,1,10,111,0,0,0,512,10,16,2,292,0,10,1,1,2,13,7,7,4,0,14,33,42,45,0,8,0,1,0,0,67,0,736,26,0,0,0,0,2,1,0,0,0,9,0,122,0,1,0,0,30,0,1,0,1,1,217,1,3,0,0,0,0,0,0,0,1,0,0,53,52,1,0,3,6,0,0,0,0,8,0,0,0,0,0,8,17,0,3,0,0,0,0,0,88,0,3,0,0,0,0,0,0,0,0,1,0,0,0,418,0,0,0,0,6,0,4,0,26,0,504,6,11
4714,0,0,0,0,0,708,41,0,0,1344,0,312,1,306,0,452,13,593,2,0,123,20,0,18,0,0,2,0,0,107,2,0,0,0,9,0,0,0,0,0,0,1,0,2,0,3,0,11,1,0,1,2,0,0,0,0,0,0,3,2,0,0,0,0,0,19,1,5,110,0,2,1,4,0,5,5,0,0,40,0,85,1,2,0,1,25,3,0,0,106,2,22,3,580,0,0,0,39,8,26,0,16,8,0,1,174,724,906,54,417,6,1,1,0,159,0,79,3,0,46,7,0,0,0,23,2,0,24,0,49,42,0,0,0,4,2,0,3,0,207,0,0,0,4,0,0,0,0,0,0,20,0,0,6,33,16,1,11,7,0,0,1,7,2,0,0,0,0,3,1,8,0,11,0,0,0,0,0,0,0,1,0,0,0,0,0,0,0,25,0,0,0,0,0,0,4,1,0,2,93,166,0,48,0,228,0,0
3616,1,3,1,0,0,526,38,0,0,840,3,169,0,253,0,196,19,608,42,0,24,10,0,4,0,0,0,0,0,99,5,0,1,0,8,0,0,0,0,0,0,2,1,35,1,2,0,15,0,0,0,4,0,21,0,0,0,0,0,0,0,0,0,0,0,7,1,2,104,0,6,0,0,0,1,2,0,0,14,0,42,0,0,3,15,26,3,2,0,64,4,32,2,914,0,0,0,13,12,5,0,17,11,0,2,120,298,482,35,129,0,0,0,0,31,2,53,11,2,16,1,0,0,0,2,0,0,9,0,5,16,4,0,0,1,1,0,3,2,42,0,0,0,0,5,0,0,0,0,0,2,0,2,3,12,2,0,7,5,2,1,0,0,0,0,0,0,8,2,0,1,0,7,0,0,0,0,0,0,1,3,1,0,0,0,0,0,0,16,0,0,0,0,0,0,3,0,0,8,53,27,0,16,0,85,4,0
4807,0,4,1,0,7,767,16,0,0,394,0,329,0,518,0,284,29,765,42,0,64,18,0,19,0,0,0,0,0,117,4,0,0,0,5,0,0,0,0,0,0,27,0,22,2,0,0,13,1,0,2,7,0,11,0,0,1,0,0,0,0,0,0,0,0,39,0,2,254,0,2,1,0,0,3,5,0,0,70,0,62,0,0,5,16,25,0,0,0,105,2,39,10,311,0,0,0,46,15,6,0,4,18,0,3,168,446,948,38,635,0,0,0,0,35,1,69,35,0,38,1,0,0,0,19,0,0,16,0,6,45,2,0,0,3,1,0,1,10,241,0,0,0,3,8,1,0,0,0,0,0,0,0,6,71,5,0,6,11,0,0,0,3,0,0,0,0,8,2,0,5,0,29,0,0,0,0,0,0,0,15,0,0,0,0,0,0,7,65,0,0,0,0,0,0,13,2,0,34,57,100,0,50,3,89,0,0
2818,0,1,0,0,2,236,22,0,0,268,1,72,0,307,0,101,7,862,1,0,36,13,0,9,0,0,0,0,0,73,3,0,0,0,1,0,0,0,0,0,0,1,0,3,0,0,0,5,0,0,0,2,1,5,0,0,0,0,0,0,0,0,0,0,0,6,0,0,213,0,0,0,0,0,2,2,0,0,13,0,32,0,0,1,0,33,1,1,0,92,1,43,6,95,0,0,0,12,2,0,0,2,3,0,0,88,160,408,13,226,1,0,0,0,50,0,68,4,0,24,0,0,0,0,6,0,0,9,0,8,30,4,0,0,1,0,0,0,3,108,0,0,0,0,0,0,0,0,0,0,1,0,0,5,14,19,0,2,0,0,0,0,0,1,0,0,0,0,1,0,4,0,0,0,0,0,0,0,0,0,1,0,0,3,0,0,0,0,5,0,0,0,0,0,0,1,0,0,3,40,101,0,34,0,127,1,0
5229,0,1,3,0,1,637,20,0,0,17,1,86,1,589,0,14,2,508,13,0,210,3,0,2,0,0,11,0,0,288,7,0,1,0,13,0,0,0,0,0,3,1,1,9,0,1,0,63,0,0,3,6,0,52,0,1,0,0,0,0,0,0,0,0,0,2,0,3,422,0,3,0,0,0,8,1,4,0,10,0,202,0,0,5,2,74,0,4,0,527,15,24,2,877,0,0,24,11,23,7,23,8,92,0,5,365,651,271,0,26,0,2,8,0,7,0,515,47,0,0,2,0,0,0,0,2,0,2,0,5,0,0,0,0,9,0,0,4,2,1,0,2,12,0,1,0,0,0,0,0,1,0,0,25,167,4,0,4,5,0,0,0,0,4,0,0,0,0,0,1,2,4,7,0,0,0,0,0,2,0,14,0,0,1,0,1,0,0,0,0,0,0,0,0,0,0,2,0,9,1,85,0,1,0,499,2,3
4742,2,2,0,0,0,549,36,0,0,610,1,127,0,602,0,22,5,615,4,0,350,2,3,0,0,0,12,0,0,132,7,0,0,0,11,0,0,0,0,0,0,0,0,3,0,1,0,34,0,0,5,6,2,29,0,0,0,0,0,0,0,0,0,0,0,0,0,1,179,0,1,2,0,0,2,2,8,0,6,0,93,1,0,2,7,52,0,6,1,527,18,113,4,458,0,4,10,159,23,19,13,6,114,0,2,356,419,126,1,82,0,2,10,0,6,0,347,26,0,0,0,0,0,0,14,0,0,10,0,15,0,0,0,0,18,0,0,0,1,29,0,1,90,0,0,0,0,0,0,0,1,0,0,18,271,42,0,2,3,0,0,1,0,0,0,0,0,0,0,2,2,0,14,0,0,0,0,0,3,0,2,0,0,0,0,1,0,0,0,1,0,0,0,0,0,0,0,0,2,4,64,0,3,0,1263,0,1
4704,0,3,3,0,0,488,35,0,0,673,1,119,0,503,0,65,6,368,8,0,142,2,2,8,0,0,9,0,0,110,9,0,1,0,13,0,0,0,0,0,0,7,0,19,0,2,0,9,0,0,2,1,3,6,0,0,0,0,0,2,0,0,0,0,0,3,0,2,223,0,0,0,1,0,6,0,5,0,2,0,88,5,0,1,2,41,1,9,0,330,12,88,34,501,0,3,0,64,19,35,1,7,66,0,4,366,395,191,5,339,0,6,10,0,0,0,311,38,0,0,1,0,0,7,12,0,0,17,0,1,0,0,0,0,7,0,1,0,1,157,0,1,18,0,0,0,0,0,0,0,0,0,0,10,233,32,0,6,10,0,0,1,1,0,0,0,0,0,0,2,2,1,1,0,0,0,0,0,0,1,2,0,0,0,0,0,0,0,0,2,0,0,0,0,0,0,2,0,8,30,111,0,35,0,713,1,1
5749,0,8,7,0,2,775,12,0,0,941,0,120,2,502,0,29,1,446,21,0,162,3,2,3,0,0,2,0,0,226,8,0,1,0,23,0,0,0,0,0,0,0,0,4,0,5,0,61,0,0,0,6,0,17,0,0,0,0,0,0,0,0,0,0,0,1,0,2,202,0,7,1,0,0,5,1,2,0,25,0,64,2,0,5,16,72,1,3,0,393,14,65,16,928,0,11,1,74,20,20,14,6,72,0,2,225,1165,76,2,104,0,6,2,0,1,0,328,48,0,0,4,0,0,0,0,0,0,4,0,2,0,0,0,0,7,1,0,1,4,2,0,1,88,0,3,0,0,0,0,0,0,0,0,24,148,7,0,7,7,0,0,2,0,1,0,0,0,0,0,0,2,0,5,0,0,0,0,0,1,0,0,0,0,0,0,1,0,3,0,2,0,0,0,0,0,0,3,0,10,0,66,0,1,0,1047,8,2
5468,0,1,0,28,0,445,15,0,3,45,4,72,0,357,0,11,0,1376,14,0,175,0,0,1,0,0,2,0,0,75,24,0,9,0,16,7,0,0,0,0,0,1,0,0,0,5,0,40,0,0,1,15,0,1,0,0,0,0,0,0,0,0,0,0,0,2,0,6,322,0,0,1,0,0,5,5,0,0,1,3,88,0,0,3,34,54,0,3,1,145,5,6,9,575,0,0,5,23,24,22,18,4,15,0,4,210,398,94,5,93,0,5,2,0,1,0,242,24,0,1,0,0,0,0,7,0,0,14,0,39,1,0,0,0,0,8,1,11,0,55,0,0,37,0,0,0,0,0,0,0,0,4,0,24,83,10,0,6,4,0,0,0,0,1,0,0,0,0,0,7,2,0,2,0,0,0,0,0,0,3,0,0,0,0,0,0,0,0,1,0,2,0,0,63,0,0,0,0,8,1,0,0,5,0,579,10,12
5812,0,3,0,0,2,182,14,0,1,240,1,114,0,509,0,12,0,843,6,0,126,0,0,0,0,0,3,0,0,114,2,0,1,0,17,0,0,0,0,0,0,2,0,0,0,3,0,12,0,0,0,0,2,0,0,0,0,0,0,0,0,0,1,0,0,5,2,1,271,0,0,0,0,0,0,2,0,0,1,0,72,0,0,2,13,63,0,3,0,250,1,22,14,1071,0,0,3,35,17,15,1,3,8,0,2,374,838,82,42,147,0,3,0,3,0,0,163,4,0,0,2,0,0,0,19,0,0,4,0,59,15,0,0,1,3,1,0,4,3,104,0,0,18,0,0,0,0,0,0,0,0,2,0,20,218,3,0,2,1,0,0,0,0,4,0,0,0,0,0,4,4,0,2,0,0,0,0,0,0,3,0,0,0,0,0,0,0,0,0,0,1,0,0,24,0,0,0,0,5,7,1,0,17,0,664,9,1
6842,0,1,0,24,0,306,17,0,3,134,4,79,0,436,0,6,1,1456,9,0,170,0,0,0,0,0,0,0,0,59,3,0,3,0,27,1,0,0,0,0,0,0,0,2,0,10,0,9,0,0,1,3,6,1,0,0,0,0,0,0,0,0,0,0,0,0,1,3,229,0,1,0,0,0,4,0,0,0,0,1,37,1,0,2,21,72,0,3,0,408,1,19,15,389,0,0,3,21,10,10,21,2,7,0,7,324,153,96,19,63,1,1,1,1,0,0,267,1,0,1,0,0,0,0,4,0,0,4,0,34,5,0,0,2,0,4,0,2,3,31,0,0,17,0,0,0,0,0,0,0,0,1,0,13,173,1,0,7,4,0,0,0,0,4,0,0,0,0,0,4,2,0,3,0,0,0,0,0,0,1,1,0,0,0,0,0,0,0,0,0,0,0,0,113,0,0,0,0,4,7,1,0,15,0,788,5,15
5107,1,3,0,0,4,633,24,15,0,1203,0,223,0,421,0,130,2,271,5,0,40,0,0,8,0,0,0,0,0,184,24,0,1,0,39,0,0,0,0,0,0,0,0,38,0,2,0,15,0,0,5,10,1,17,0,0,0,0,0,0,0,0,0,0,0,45,0,1,59,0,5,8,0,0,4,3,0,0,7,0,23,0,0,10,3,47,0,1,0,243,3,21,8,258,0,0,7,122,4,2,0,6,13,0,37,152,736,692,64,247,4,0,0,0,2,0,50,22,0,0,2,5,0,0,4,0,0,18,0,0,66,0,0,0,1,0,0,2,4,69,0,3,3,0,1,1,0,0,0,0,0,0,0,6,20,1,0,0,10,1,3,0,1,5,0,0,0,2,2,0,2,0,0,0,0,0,0,0,0,0,1,0,0,0,0,0,0,4,77,4,0,0,0,8,0,0,0,0,9,39,0,0,34,1,403,3,1
5623,1,1,0,0,0,825,37,12,0,1190,3,267,0,498,0,69,0,365,4,0,25,0,0,8,0,1,0,0,0,145,33,0,0,0,53,0,0,0,0,0,0,1,0,38,0,2,0,19,1,0,1,7,5,10,0,1,0,0,0,0,0,0,0,0,0,18,0,0,92,1,3,2,0,0,1,3,0,0,5,0,45,1,0,6,5,42,0,0,0,229,3,51,8,351,0,0,3,43,10,7,0,6,13,0,67,162,624,340,28,215,0,0,0,0,1,0,62,39,0,1,1,11,0,0,0,1,0,12,0,0,53,0,0,1,2,0,0,0,2,70,0,1,2,0,1,0,0,0,0,0,0,0,0,4,136,2,0,0,15,0,0,0,0,5,0,0,0,0,6,0,4,0,0,0,0,0,0,0,0,0,1,0,0,0,0,2,0,0,58,0,0,5,0,55,0,0,0,0,6,19,0,0,17,1,273,3,4
6392,3,9,0,0,1,550,18,103,0,703,5,165,0,583,0,36,2,324,14,0,43,1,0,3,0,1,0,0,0,72,32,0,1,0,26,2,0,0,0,0,0,0,0,57,0,7,1,30,0,0,2,7,1,13,0,0,0,0,1,0,0,0,0,0,0,7,0,2,76,1,4,12,0,0,12,0,0,0,25,0,18,0,0,17,11,44,0,0,0,416,8,52,2,175,0,0,65,42,1,3,0,22,5,0,67,154,441,434,21,102,0,0,0,0,1,0,77,61,0,0,0,2,0,0,1,0,0,7,0,0,60,0,0,4,0,0,0,0,6,26,0,2,2,0,1,0,0,0,0,0,0,0,0,4,59,0,0,2,8,2,3,0,0,4,0,0,0,0,0,0,4,0,0,0,0,0,0,0,0,0,0,0,0,0,0,0,0,0,22,3,0,2,0,107,0,0,0,0,2,4,0,0,23,0,666,8,20
5423,1,1,0,0,7,1151,23,227,0,936,4,263,0,384,0,102,4,547,11,1,28,1,0,5,0,1,0,0,0,172,81,0,0,0,24,14,0,0,0,0,0,1,1,47,0,4,1,48,0,0,2,18,6,39,0,1,0,0,0,0,0,0,0,0,0,7,2,4,97,0,6,6,0,0,17,0,0,0,23,1,10,0,0,25,27,51,0,0,0,182,4,24,4,309,0,0,14,56,9,9,0,30,15,0,51,103,515,402,11,64,1,0,2,0,3,0,56,55,0,0,0,2,0,0,11,0,0,18,0,0,54,0,0,0,1,0,0,5,5,1,0,4,3,2,0,0,0,0,0,0,0,0,0,2,128,0,0,3,12,2,1,0,0,3,0,0,0,0,0,0,3,0,0,0,0,0,0,0,0,0,0,0,0,5,0,1,0,0,8,3,0,3,0,117,0,0,0,0,4,17,2,0,14,0,553,5,5
3751,0,2,1,0,6,1039,8,0,0,2693,5,304,0,399,0,213,4,367,28,0,5,8,0,2,0,0,1,0,0,193,25,0,9,0,7,3,0,3,0,0,0,0,0,81,0,29,0,14,1,0,1,15,0,15,0,0,0,0,0,0,0,0,0,0,0,3,3,1,77,0,5,6,1,0,6,10,0,0,9,0,42,8,0,6,64,21,0,1,0,21,67,14,0,527,2,0,0,119,14,24,0,12,46,0,6,46,1364,279,2,179,0,0,1,0,6,0,49,54,1,7,0,0,2,0,3,0,0,4,0,2,1,0,0,0,1,0,0,0,4,78,0,0,1,2,13,0,0,0,0,1,1,3,0,7,28,1,0,7,18,1,2,0,1,1,0,0,0,1,0,2,0,1,8,0,0,0,0,1,0,2,1,0,0,0,0,0,0,3,2,0,0,0,0,1,0,0,0,0,17,24,11,0,29,0,78,7,10
5168,0,0,3,0,4,1603,6,0,1,461,4,249,0,175,0,66,6,602,43,0,17,0,0,1,0,0,0,0,0,133,45,0,3,0,0,16,0,2,0,0,0,11,0,117,2,29,0,29,1,0,8,19,0,77,1,1,0,0,0,0,0,0,2,1,0,32,1,1,28,0,10,26,0,0,3,11,0,0,22,0,42,5,0,4,30,22,0,1,0,58,108,13,0,1369,2,0,4,82,12,18,1,23,26,0,17,22,1471,135,0,41,0,0,1,0,2,0,115,112,2,0,0,0,12,0,9,0,0,6,0,4,0,1,0,0,2,4,0,0,6,16,0,0,8,0,19,0,0,0,0,0,1,22,0,3,17,10,0,0,26,2,1,0,0,0,0,0,0,2,0,22,0,0,22,0,0,0,0,0,0,0,16,0,0,0,0,2,0,14,0,0,2,0,0,34,0,0,1,0,40,1,2,0,15,2,140,23,11
7393,0,11,1,0,19,401,16,0,0,1742,16,24,0,268,0,147,4,320,83,0,11,1,0,14,0,0,0,0,0,90,20,0,21,1,8,3,0,0,0,0,0,5,0,23,2,24,0,11,3,0,3,9,0,2,1,0,0,0,0,0,0,0,0,0,0,18,0,6,96,0,7,23,1,0,0,7,0,0,63,0,70,6,0,29,68,41,0,0,0,69,51,13,1,250,3,0,3,99,16,26,1,30,32,0,13,15,1500,344,3,216,0,0,0,0,10,0,137,141,0,3,2,0,0,0,6,1,0,12,0,8,0,3,3,0,10,3,0,0,62,182,0,3,21,3,22,0,0,0,0,0,5,9,0,8,25,1,0,31,19,0,0,0,0,0,0,0,0,11,1,26,0,0,13,0,0,0,0,0,0,1,8,0,0,0,0,0,0,0,0,1,1,0,0,28,0,22,0,0,26,12,5,1,30,1,177,48,9
3841,1,1,0,2,3,870,9,0,0,1208,5,308,2,159,0,240,4,223,30,0,17,0,0,2,0,0,1,0,0,181,22,0,16,0,2,2,0,0,0,0,0,2,0,41,1,21,0,24,5,0,0,18,0,13,0,0,0,0,0,0,1,0,0,0,0,8,0,2,473,0,0,9,0,0,0,4,0,0,10,0,20,3,0,5,29,11,1,0,0,39,38,11,2,639,1,0,1,63,6,6,1,7,11,0,8,46,640,269,5,92,0,1,0,0,7,1,60,70,0,2,0,0,0,0,9,2,0,3,0,9,2,1,0,0,3,0,0,0,7,33,0,0,0,0,0,0,0,0,0,0,3,4,0,3,25,1,0,2,17,0,0,0,3,0,0,0,0,3,0,2,0,0,15,0,0,0,0,1,0,0,0,0,0,1,1,0,0,0,0,0,0,0,0,13,0,4,0,0,22,30,3,1,9,0,85,27,3
5975,0,3,0,0,0,285,39,3,0,559,0,164,0,172,0,25,0,689,3,0,37,0,0,1,0,0,0,0,0,77,2,0,0,0,36,0,0,0,0,0,0,4,0,3,0,1,0,15,0,0,0,2,0,7,0,0,0,0,0,0,0,0,0,0,0,20,0,0,30,0,0,5,0,0,0,0,0,0,2,0,65,0,0,1,13,30,0,0,0,134,4,103,11,531,0,0,1,131,2,3,0,0,1,0,1,593,615,470,32,306,3,0,0,0,0,0,93,7,0,0,1,0,0,0,0,0,0,22,0,3,36,0,0,0,0,0,0,0,0,18,0,0,0,0,0,0,0,0,0,0,0,0,0,2,75,0,0,0,7,0,0,0,0,0,0,0,0,2,2,0,0,0,1,0,0,0,0,0,0,0,0,0,0,0,0,0,0,1,88,0,0,0,0,0,0,3,0,0,0,127,0,0,40,0,319,0,3
5349,0,16,0,1,2,372,55,6,0,647,0,137,0,147,0,27,3,361,11,0,50,0,0,0,0,0,0,0,0,174,6,0,0,0,37,3,0,0,0,0,0,1,0,9,0,5,0,49,0,0,2,0,0,15,0,0,0,0,0,0,0,0,0,0,0,13,0,1,85,0,2,3,0,0,1,0,0,0,7,0,84,2,0,2,6,40,0,0,0,276,4,96,10,262,0,0,3,49,4,9,0,1,0,0,2,529,552,324,57,367,0,0,0,0,15,0,131,8,0,9,0,0,0,0,1,0,0,14,0,1,53,0,0,0,0,0,0,0,0,62,0,0,0,0,0,0,0,0,0,0,0,1,0,7,35,0,0,2,4,0,1,0,0,0,0,0,0,0,0,4,3,0,5,0,0,0,0,0,0,0,4,0,0,0,0,0,0,0,43,0,0,0,0,0,0,2,0,0,2,92,0,0,28,0,342,0,1
5528,0,13,0,0,1,289,47,3,0,619,1,133,1,198,0,58,6,270,15,0,20,0,0,3,0,0,0,0,0,138,3,0,1,0,26,0,0,0,0,0,0,3,0,19,1,5,0,23,0,0,1,3,0,5,0,0,0,0,0,2,0,0,0,0,0,23,0,1,302,0,0,3,0,0,0,0,0,0,4,0,65,2,0,1,10,50,0,0,0,263,9,83,24,331,0,0,4,159,4,9,0,3,3,0,5,506,464,338,43,510,1,0,0,0,8,0,228,9,0,2,2,0,0,3,17,0,0,19,0,2,65,0,0,0,4,0,0,0,4,136,0,1,0,0,0,0,0,0,0,0,0,1,0,1,197,0,0,2,5,0,1,0,0,3,0,0,0,9,5,4,0,0,6,1,3,0,1,0,0,0,2,0,0,0,0,0,0,0,26,1,0,0,0,0,0,0,1,0,3,103,30,0,17,0,491,1,2
5395,0,1,0,0,2,715,47,0,0,510,0,154,0,222,0,22,2,1007,5,0,38,0,0,0,0,0,0,0,0,126,7,0,2,0,57,0,0,0,0,0,0,1,0,0,0,0,0,38,0,0,1,13,3,12,0,0,0,0,0,0,0,0,0,0,0,0,0,3,183,0,3,2,0,0,1,0,0,0,0,0,60,5,0,5,30,50,0,1,0,162,2,40,8,497,0,0,5,14,0,8,0,3,2,0,5,115,231,179,4,129,0,0,0,0,1,0,159,32,0,12,0,0,0,2,0,0,0,0,0,0,52,0,0,0,3,0,0,2,0,35,0,0,1,0,0,0,0,0,0,0,0,0,0,1,150,4,0,0,11,0,0,0,0,0,0,0,0,2,0,2,2,0,2,0,0,0,0,0,5,0,8,0,0,0,0,0,0,0,0,0,0,0,0,94,0,3,1,0,0,29,45,0,20,1,607,3,12
5363,2,4,0,1,3,983,48,0,7,477,2,149,1,270,0,42,2,831,34,0,215,5,0,8,0,0,0,0,0,95,3,0,0,0,15,0,0,0,0,0,0,1,0,44,2,14,0,24,4,0,0,10,0,14,0,0,0,1,0,0,0,0,0,0,0,12,0,1,97,0,5,12,0,0,10,8,0,0,5,1,52,2,1,7,30,23,2,2,0,207,7,24,22,190,0,0,1,15,5,10,0,15,28,0,5,59,221,189,48,119,10,0,0,0,83,0,296,8,0,8,1,0,0,4,55,0,0,27,1,279,22,1,0,0,75,1,0,0,22,30,16,2,14,4,5,0,0,0,0,0,0,1,0,12,46,10,3,1,8,1,1,0,0,5,0,3,0,5,1,8,14,2,40,0,20,0,0,0,0,0,35,1,0,2,0,0,1,1,7,5,0,1,0,0,0,0,0,2,4,24,3,0,14,1,2072,10,5
5492,1,3,1,0,5,853,36,0,3,177,3,99,3,248,0,43,1,486,36,0,114,7,0,6,0,0,0,0,0,76,1,0,0,0,7,0,0,0,0,0,0,2,0,31,2,13,1,12,4,0,2,6,0,14,0,0,0,0,0,0,0,0,0,0,0,0,0,5,92,0,1,17,0,0,14,6,0,0,2,1,40,2,1,7,44,59,4,2,0,279,5,50,14,89,0,0,3,22,30,7,0,14,46,0,15,119,116,208,18,74,0,0,0,0,121,0,234,20,0,13,0,0,0,1,20,1,0,31,2,181,37,1,0,0,57,3,0,0,25,19,83,0,51,3,3,0,0,0,0,0,1,0,0,15,82,9,2,6,5,0,0,0,0,3,0,0,0,2,3,8,3,2,25,0,7,0,0,0,0,0,26,0,0,1,0,0,0,0,7,2,0,0,0,0,0,3,0,3,2,47,2,0,11,0,2175,12,4
5376,0,2,4,0,0,1114,42,0,4,1213,1,120,0,468,0,30,1,241,40,0,85,8,0,2,0,0,0,0,0,128,5,0,0,0,12,0,0,1,0,0,0,1,1,19,1,8,0,65,3,1,1,6,2,7,0,0,0,0,0,0,0,0,0,0,0,2,1,1,87,0,0,7,0,0,11,3,0,0,5,1,21,5,0,4,33,66,3,1,0,146,2,32,11,309,0,0,14,17,11,9,0,7,21,0,4,153,195,139,38,134,0,0,0,0,110,1,234,5,1,19,0,0,0,1,19,0,0,30,1,187,42,0,0,0,21,0,0,0,9,58,10,0,41,1,1,0,0,0,0,0,0,0,0,4,152,10,8,10,8,2,0,0,0,4,0,0,0,3,4,2,11,1,51,0,3,0,0,0,0,0,12,1,0,1,0,0,0,1,12,5,0,1,0,0,0,3,0,2,1,50,6,0,38,2,1186,2,3
3873,2,16,0,0,4,1132,43,0,0,828,2,272,0,362,0,292,13,233,14,1,45,24,0,25,0,1,0,0,0,114,8,0,0,0,17,2,0,0,0,0,1,2,0,27,1,7,0,26,3,0,4,16,0,125,0,0,0,0,0,0,0,0,0,0,0,22,3,9,314,0,3,2,0,0,2,0,0,0,17,0,65,2,0,5,16,38,1,0,0,114,11,35,5,380,0,0,0,256,4,11,0,8,2,0,2,197,719,701,80,758,0,0,0,0,21,0,46,47,0,38,2,0,0,5,10,0,5,0,0,32,123,23,0,0,7,3,0,3,4,283,0,5,17,0,1,3,0,0,0,0,2,0,0,2,109,11,0,22,13,3,1,0,4,0,0,0,0,1,3,0,3,0,100,0,3,0,0,1,1,0,74,0,0,0,0,0,0,2,0,1,1,0,0,0,0,8,0,7,1,80,0,0,38,0,329,10,0
4963,1,3,12,0,3,882,39,0,0,178,3,226,0,620,0,68,1,446,12,1,93,3,0,31,0,1,0,0,0,90,20,0,1,0,6,3,0,0,0,0,0,1,0,23,1,4,0,19,7,0,1,12,0,88,0,1,0,0,0,0,0,0,0,0,0,19,1,6,705,0,4,3,0,0,2,0,0,0,6,0,44,0,1,11,17,37,0,0,0,119,2,19,8,339,0,0,0,116,6,12,0,10,4,0,9,269,1131,465,36,383,0,0,0,0,13,0,85,40,0,20,0,0,0,2,11,1,1,1,0,36,134,0,0,0,4,2,0,12,1,101,0,4,81,0,1,1,0,0,0,1,0,0,0,2,113,14,0,12,16,2,0,1,0,3,0,0,0,3,0,0,1,0,129,0,3,0,0,1,0,0,43,0,0,0,0,0,0,0,0,0,0,1,0,0,0,4,0,6,4,23,0,0,47,0,430,34,1
4468,0,14,2,0,1,643,39,0,1,287,0,147,0,384,0,149,3,213,9,0,40,15,0,21,0,0,1,0,0,121,14,0,0,0,5,2,0,0,0,0,0,0,0,29,0,6,0,35,1,0,2,22,0,55,0,1,0,0,0,0,0,0,0,0,0,13,1,3,349,0,3,5,0,0,4,0,0,0,9,0,60,3,0,3,6,54,1,0,1,102,16,60,8,543,0,1,0,228,2,6,0,8,5,0,8,419,1040,693,65,367,0,0,0,0,38,0,93,40,0,27,1,0,0,3,11,1,1,3,0,89,123,15,0,0,1,0,0,10,1,193,1,1,55,0,0,0,0,0,0,0,1,0,0,6,212,4,0,3,11,1,2,2,1,1,0,0,0,2,0,0,1,0,33,0,1,0,1,1,0,1,18,0,0,0,0,0,0,0,0,0,0,0,1,0,0,4,0,4,2,66,0,0,42,1,448,18,0
5154,0,24,0,0,2,1105,40,0,0,379,5,257,0,302,0,78,10,817,10,0,26,4,0,0,0,0,0,0,0,210,31,0,0,0,15,0,0,0,0,0,0,3,0,75,1,0,0,46,8,0,1,26,0,61,0,0,0,0,0,0,0,0,0,0,0,8,0,3,247,0,13,1,0,0,3,0,0,0,7,0,50,0,0,3,19,63,0,0,0,66,27,36,11,509,0,0,0,43,2,3,0,3,1,0,1,316,819,306,46,175,0,0,0,0,1,0,67,62,0,16,0,0,0,2,1,0,0,3,0,7,78,0,0,0,0,0,0,13,2,50,0,3,18,0,2,0,0,0,0,0,1,0,0,9,216,3,0,2,3,1,1,5,0,0,1,0,0,3,0,8,1,0,63,0,0,0,0,0,0,0,48,0,0,1,0,0,0,1,0,1,0,0,0,0,0,10,0,5,4,35,0,0,6,1,288,10,0
4231,0,0,0,16,0,863,8,0,0,439,0,102,0,353,0,67,1,1067,20,0,136,1,0,1,0,0,0,0,0,216,22,0,1,0,16,0,0,0,0,0,0,1,0,9,0,0,0,22,2,0,0,7,0,1,0,0,0,0,0,0,0,0,0,0,0,0,0,3,139,0,2,2,0,0,1,1,0,0,2,0,45,1,0,1,29,43,0,0,2,149,5,15,2,851,1,0,3,71,1,2,0,3,3,0,0,174,653,92,0,52,0,0,0,0,0,0,126,15,0,0,0,0,0,0,3,0,0,16,0,7,4,0,0,0,8,0,0,18,0,16,39,0,26,0,4,0,0,0,0,0,0,0,0,9,101,25,0,0,12,0,0,0,0,1,0,0,0,0,1,2,1,0,0,0,0,0,0,0,4,0,0,0,0,1,1,0,2,0,3,2,0,0,0,20,0,1,0,0,3,5,0,0,5,0,339,1,0
5112,0,3,0,0,0,713,10,0,0,304,1,85,0,302,0,67,0,904,24,0,204,0,0,0,0,0,1,0,0,153,12,0,2,0,23,0,0,0,0,0,0,2,0,20,0,2,0,14,3,0,0,8,0,5,0,0,0,0,0,0,0,0,0,0,0,0,1,2,312,0,5,3,0,0,3,3,0,0,6,0,49,1,0,7,31,56,0,0,0,305,4,46,2,554,11,0,0,99,1,2,0,6,5,0,3,313,385,213,46,127,4,0,0,0,4,0,142,14,0,1,0,0,0,1,10,0,0,7,0,48,30,0,0,0,20,0,0,6,0,80,100,0,99,0,1,0,0,0,0,0,0,0,0,9,115,76,0,1,4,0,0,0,0,2,0,0,0,3,0,1,3,0,4,0,0,0,0,0,1,0,3,0,0,0,0,0,0,0,7,0,0,0,0,6,0,0,0,0,6,9,10,0,17,1,160,2,0
4395,0,3,0,1,0,554,8,0,0,917,3,102,0,239,0,68,1,568,45,0,121,3,0,6,0,0,0,0,0,166,12,0,0,0,22,0,0,0,0,0,0,0,0,38,0,1,0,2,2,0,1,6,0,9,0,0,0,0,0,0,0,0,0,0,0,2,0,0,113,0,5,3,0,0,1,2,0,0,2,0,44,0,0,9,64,48,0,1,0,245,15,30,8,437,6,0,3,34,3,2,0,6,6,0,3,461,479,141,70,84,0,0,0,0,12,0,213,23,0,21,0,2,0,0,15,0,0,4,0,150,22,0,0,0,16,0,0,27,3,60,490,0,53,0,4,0,0,0,0,0,0,0,0,14,138,45,0,0,7,0,0,0,0,0,0,0,0,3,0,9,6,4,10,0,0,0,0,0,14,0,1,0,4,0,0,0,0,0,6,0,0,0,0,3,0,0,0,0,7,33,1,0,16,1,419,2,0
4878,0,4,0,28,3,765,14,0,0,744,0,89,0,381,0,95,2,676,60,0,112,3,0,10,0,0,1,0,0,180,9,0,2,0,39,0,0,0,0,0,0,4,0,7,0,2,0,10,5,0,1,6,1,6,0,0,0,0,0,0,0,0,0,0,0,0,1,1,190,0,6,4,0,0,7,0,0,0,18,0,89,0,0,4,18,58,0,0,1,280,0,38,1,649,8,0,3,25,5,16,0,3,7,0,3,244,475,114,14,221,4,0,0,0,0,0,188,12,0,5,0,1,0,1,9,0,0,22,0,2,26,0,0,0,3,0,0,22,2,97,43,3,76,0,1,0,0,0,0,0,0,0,0,14,222,36,0,0,16,0,0,0,0,3,0,0,0,11,0,6,0,2,15,0,0,0,0,0,4,0,4,0,0,0,0,0,0,1,1,0,0,2,1,6,0,5,1,0,3,20,1,0,25,2,246,7,1
4988,0,5,0,0,0,535,18,0,0,1209,0,106,0,200,0,115,44,690,20,0,70,19,0,0,0,0,3,0,0,77,16,0,0,0,10,0,0,0,0,0,0,0,0,11,0,0,0,6,2,0,1,6,1,49,0,0,0,0,0,0,0,0,0,0,0,4,0,2,189,0,0,0,0,0,3,0,1,0,5,0,84,0,2,2,6,59,0,1,1,129,6,25,1,249,0,0,3,69,9,5,0,10,3,0,1,414,259,159,114,203,0,0,0,0,64,1,199,6,0,40,0,0,0,0,47,1,0,4,0,42,17,3,0,0,1,2,0,0,1,28,0,2,66,0,10,0,0,0,0,0,0,0,0,6,8,21,0,0,7,0,1,0,0,8,0,0,0,5,2,0,20,0,15,0,0,0,0,0,0,0,5,0,0,0,0,0,0,0,35,2,0,2,0,0,0,2,0,0,7,86,0,0,8,4,93,0,0
5317,0,19,0,0,0,844,10,0,0,691,0,183,0,188,0,138,2,398,34,1,84,6,0,0,0,0,2,0,0,112,33,0,0,0,4,1,0,0,0,0,0,0,0,16,0,0,0,5,0,0,1,2,0,50,0,0,0,0,0,0,0,0,0,0,0,4,1,0,187,0,1,0,0,0,1,4,0,0,17,0,61,0,0,0,3,30,0,1,0,152,4,6,4,449,0,0,6,81,12,4,0,5,3,0,2,284,801,185,47,208,7,0,0,0,17,0,91,5,0,16,0,0,0,0,27,1,0,7,0,14,10,0,0,0,2,0,0,1,4,37,0,0,10,0,4,0,0,0,0,0,0,0,0,12,12,23,0,1,15,0,0,0,0,1,0,0,0,1,1,0,13,0,10,0,0,0,0,0,0,1,5,0,0,0,0,0,0,1,26,3,0,2,0,0,0,2,0,0,4,53,0,0,15,1,126,0,1
5499,0,18,0,0,2,951,13,0,0,465,0,144,0,289,0,87,0,1080,14,1,102,5,0,0,0,0,0,0,0,98,47,0,0,0,2,0,0,0,0,0,0,1,0,14,0,0,0,3,0,0,1,5,0,29,0,0,0,0,0,0,0,0,0,0,0,2,1,1,232,0,3,0,0,0,4,1,0,0,3,0,52,0,0,1,4,80,0,2,0,119,2,21,4,274,0,0,6,31,10,7,3,7,6,0,0,289,737,162,49,87,0,0,0,0,42,0,273,17,0,8,0,0,0,0,13,0,0,19,0,71,7,0,0,0,5,0,0,2,6,18,0,2,31,0,2,0,0,0,0,0,0,0,0,16,55,13,0,1,13,0,0,0,0,1,0,0,0,5,0,0,20,0,6,0,0,0,0,0,0,0,8,0,0,0,0,0,0,0,15,0,0,1,0,0,0,0,0,0,4,31,0,0,29,1,231,0,0
5203,0,14,1,0,0,1216,9,0,0,700,0,155,0,154,0,89,14,750,16,0,46,9,0,2,0,0,1,0,0,120,57,0,0,0,4,0,0,0,0,0,0,0,0,17,0,0,0,4,0,0,2,2,2,123,0,0,0,0,0,0,0,0,0,0,0,2,1,1,252,0,2,0,0,0,3,2,0,0,14,0,45,0,0,0,3,47,0,0,0,48,12,33,1,292,0,0,11,62,0,5,4,7,5,0,1,281,852,174,57,52,0,0,0,0,32,0,110,76,0,13,0,0,0,0,32,0,0,11,0,32,1,0,0,0,1,0,0,2,9,16,0,0,41,0,1,0,0,0,0,0,0,1,0,20,38,2,0,0,13,0,0,0,0,6,0,0,0,4,0,0,21,0,9,0,0,0,0,0,0,0,6,0,0,0,0,0,0,0,11,3,0,0,0,0,0,0,1,0,1,42,10,0,19,0,74,0,0
3578,4,32,1,0,13,394,52,0,9,1124,2,112,0,353,0,84,8,26,21,2,45,25,0,4,3,0,5,0,0,52,8,3,1,0,12,0,0,0,227,0,1,9,0,43,2,15,0,12,0,0,2,9,0,8,0,0,1,0,1,0,0,0,1,0,2,1,0,2,279,0,1,2,0,29,1,59,0,0,2,0,58,1,0,4,16,43,0,4,1,210,3,69,5,379,0,4,0,75,19,15,0,2,13,0,12,743,522,243,1,437,0,5,7,0,161,0,161,5,2,0,2,0,0,1,11,0,0,6,0,6,37,0,0,0,1,9,0,0,20,90,13,0,25,1,7,1,4,0,2,4,4,0,0,6,267,83,0,1,7,1,4,0,0,2,2,0,0,2,0,1,35,10,5,0,0,0,2,0,1,0,11,0,4,0,0,0,1,1,0,0,0,0,10,0,0,1,0,0,8,255,5,0,56,1,504,5,0
4994,6,16,1,0,4,466,54,0,7,1409,1,133,2,328,0,118,1,308,10,0,10,19,0,1,0,0,7,0,0,150,13,4,9,0,5,0,0,0,29,0,0,6,1,14,3,11,0,25,0,0,1,12,0,1,0,1,0,0,2,0,0,0,1,0,0,1,0,0,142,0,2,0,0,50,1,31,0,0,0,0,121,3,0,1,12,50,0,1,0,215,0,95,16,847,0,2,0,67,3,34,1,2,7,0,3,635,746,397,0,298,0,6,4,0,95,0,151,8,1,0,1,0,0,0,6,2,0,5,0,8,53,0,0,0,0,0,0,0,12,95,10,0,32,1,1,1,1,1,0,4,1,1,0,3,151,13,3,1,11,0,0,0,0,0,2,2,0,3,2,2,14,0,4,0,0,0,0,1,0,0,9,0,8,0,0,0,2,3,0,0,0,0,1,0,0,0,0,0,3,144,3,0,32,0,413,1,0
3853,1,13,0,0,9,864,15,0,27,2239,2,239,1,351,0,133,5,250,22,0,7,13,0,1,1,0,19,0,0,190,61,12,11,3,13,0,0,0,52,0,0,9,1,13,1,8,0,43,4,0,0,24,0,10,0,1,2,0,1,0,0,0,1,0,0,2,2,2,352,0,4,0,0,26,6,7,0,0,4,0,48,0,0,3,42,46,1,5,0,59,5,41,7,1174,0,8,1,64,2,57,2,6,21,0,0,210,653,97,0,166,0,8,7,0,44,0,135,27,3,0,2,0,0,2,2,0,0,4,0,8,22,1,0,0,4,0,0,0,8,65,11,1,12,1,2,0,6,0,0,4,3,0,0,3,78,6,2,1,11,4,2,1,0,4,2,1,0,3,0,0,9,4,29,0,0,0,1,2,0,4,27,0,7,0,0,0,4,0,0,0,0,0,1,0,0,10,0,0,13,52,6,0,47,4,295,0,1
3196,1,21,0,1,7,898,15,0,6,2877,0,284,1,245,0,378,5,108,30,0,2,40,0,2,0,0,5,0,0,305,65,4,7,0,10,0,0,0,17,0,0,12,0,76,2,9,0,34,4,0,0,33,0,40,0,0,1,0,0,1,0,0,0,0,0,0,4,2,150,0,3,0,0,19,2,12,0,0,0,0,61,1,0,1,54,39,0,1,0,30,11,56,12,634,0,5,2,162,6,26,2,3,7,0,1,57,801,243,0,236,0,6,4,0,23,1,92,41,0,2,0,1,0,2,9,1,0,5,0,2,27,1,0,0,4,2,1,0,17,42,4,0,11,1,4,0,2,0,0,3,2,0,0,0,96,8,0,0,11,1,6,0,1,0,1,2,0,12,2,2,19,8,35,0,0,0,0,0,0,0,22,0,3,0,0,3,0,0,0,0,0,0,0,0,0,0,0,0,7,46,8,0,44,3,302,1,2
6114,0,1,0,0,0,596,42,0,0,63,2,90,0,377,0,40,0,1564,51,0,163,0,0,1,0,0,1,0,0,111,22,0,0,0,50,0,0,0,0,0,0,0,0,7,0,0,0,11,0,0,2,5,0,12,0,0,0,0,0,0,0,0,0,0,2,1,0,3,154,0,3,1,0,0,4,0,0,0,1,0,38,3,0,6,33,69,0,0,0,409,4,17,0,375,0,0,0,6,0,3,0,10,8,0,2,302,313,236,2,20,0,0,0,0,12,0,229,3,0,0,1,0,0,0,2,1,0,3,0,34,7,0,0,0,0,0,0,13,5,13,0,0,2,0,2,0,0,0,0,0,1,0,0,16,143,10,0,4,2,0,0,0,0,1,0,0,0,0,0,3,5,2,7,0,0,0,0,0,0,0,1,0,0,0,0,0,0,0,0,0,0,2,0,0,0,0,0,0,1,1,0,0,2,1,1388,2,0
3398,0,2,0,0,3,761,30,0,0,713,0,107,0,256,0,163,53,723,91,0,155,1,0,35,0,0,1,0,0,137,6,0,0,0,8,0,0,0,0,0,0,1,0,25,2,0,0,2,10,0,1,12,0,14,0,0,0,0,0,0,0,0,0,0,8,23,0,0,60,1,2,0,0,0,1,6,0,0,41,0,47,0,0,12,41,37,1,0,0,188,6,21,4,432,2,0,0,58,6,7,0,3,11,0,0,316,461,352,67,391,2,0,0,0,8,1,138,41,0,35,0,0,0,0,12,0,0,7,0,21,33,3,0,0,5,0,0,7,16,276,0,2,1,0,1,0,0,0,0,0,6,0,0,1,121,15,0,6,7,1,0,0,7,1,0,0,0,1,1,1,2,11,5,0,0,0,0,0,0,0,0,0,0,0,0,0,0,1,4,0,0,0,0,0,0,3,0,0,4,47,0,0,32,0,443,1,0
3653,0,4,0,3,1,421,23,0,0,250,1,84,0,361,0,116,31,540,40,0,209,4,0,54,0,0,0,0,0,104,13,0,0,1,17,0,0,0,0,0,0,0,1,43,1,0,0,2,2,0,0,1,0,11,0,0,0,0,0,0,0,0,0,0,2,19,0,2,198,0,4,2,0,0,0,1,0,1,49,0,46,1,0,3,12,34,1,1,0,304,13,25,6,325,1,0,0,35,2,7,0,4,6,0,2,386,360,229,136,568,0,0,0,0,27,0,121,27,0,26,3,0,0,0,20,0,0,8,0,55,50,0,0,0,4,0,0,4,13,229,0,1,3,0,2,0,0,0,0,0,0,0,0,3,223,66,0,1,17,1,0,0,3,1,0,0,0,5,2,1,11,2,2,0,0,0,0,0,0,0,1,0,0,1,0,0,9,2,4,0,0,0,0,1,0,2,0,0,8,66,0,0,70,2,416,1,0
4353,0,5,0,0,2,376,18,0,0,182,0,45,0,314,0,71,0,2031,22,0,357,0,0,14,0,0,0,0,0,65,3,0,0,0,19,0,0,0,0,0,0,0,0,13,0,0,0,2,0,0,0,4,1,9,0,0,0,0,0,0,0,0,0,0,2,2,0,0,107,0,1,1,0,0,0,1,0,0,4,0,13,1,0,4,11,49,0,0,0,165,5,11,7,212,0,0,0,60,1,5,0,4,5,0,2,358,391,109,34,115,2,0,0,0,170,0,310,15,0,4,0,0,0,0,8,0,0,9,0,268,8,0,0,0,7,0,0,5,6,43,0,0,19,0,2,0,0,0,0,0,1,0,0,28,107,24,0,1,10,0,1,0,0,0,0,0,0,2,4,0,3,0,3,0,0,0,0,0,0,0,3,0,0,0,0,1,0,1,0,0,0,0,0,0,0,1,0,0,2,11,0,0,18,0,1395,6,0
4730,0,15,0,9,0,842,9,0,0,555,0,79,0,330,2,34,0,801,2,0,33,0,0,1,0,0,0,0,0,199,24,0,6,0,4,0,0,0,0,0,0,3,0,98,0,14,4,123,2,0,0,7,0,28,0,0,0,0,0,0,0,0,0,0,0,0,0,0,121,0,1,3,0,0,3,1,0,0,1,0,24,0,0,1,22,58,0,0,0,106,5,17,4,573,0,4,9,6,3,2,1,21,5,0,2,97,241,183,6,15,0,0,0,2,0,0,270,78,0,0,0,5,1,1,5,0,0,2,0,35,6,0,0,0,6,0,0,4,1,8,69,0,31,1,4,0,0,0,0,0,0,1,0,9,50,5,0,0,2,0,0,0,0,0,0,0,0,2,0,0,9,1,6,0,1,0,0,0,4,0,13,0,0,3,0,0,0,0,0,0,0,0,0,20,0,0,0,0,3,8,0,0,9,0,548,0,0
4408,0,30,0,0,3,1340,12,0,0,788,1,142,0,362,0,64,1,956,9,0,37,0,0,0,0,0,0,0,0,261,38,0,2,0,11,0,0,0,0,0,0,5,0,114,0,4,0,130,4,0,1,17,0,35,0,0,0,0,0,0,0,0,0,0,0,1,0,0,99,0,2,3,0,0,8,1,0,0,1,0,39,1,0,3,19,29,1,0,0,94,30,9,2,836,0,2,3,27,1,4,1,87,0,0,2,83,561,208,26,38,6,0,0,0,0,1,161,114,1,0,0,1,3,3,7,0,0,6,0,70,9,0,0,0,13,0,0,4,2,23,50,1,48,0,5,0,0,0,0,0,0,0,0,15,78,10,0,0,8,0,0,2,0,5,0,0,0,2,0,0,22,0,17,0,2,0,0,0,2,0,11,0,0,0,0,0,0,0,3,0,0,0,0,2,0,0,0,0,7,5,0,0,11,0,539,1,0
3437,0,21,0,1,1,1398,11,0,0,588,0,134,0,326,0,68,0,358,14,0,11,0,0,0,0,0,0,0,0,167,34,0,0,0,5,0,0,0,0,0,0,1,0,85,0,4,2,126,0,0,1,6,0,22,0,0,0,0,0,0,0,0,0,0,0,1,0,0,54,0,0,1,0,0,2,0,0,0,1,0,31,0,0,1,42,36,0,0,0,34,8,20,1,561,0,2,3,55,0,7,1,18,4,0,1,86,743,94,9,43,0,0,0,0,0,0,173,77,0,0,0,0,3,3,8,0,0,4,0,13,6,0,0,0,2,0,0,2,1,13,18,0,27,0,0,0,0,0,0,0,0,0,0,10,177,5,0,0,5,0,0,2,0,2,0,0,0,1,0,0,15,0,1,0,0,0,0,0,3,0,2,0,0,2,0,0,0,0,0,0,0,0,0,1,0,0,0,0,4,10,0,0,17,0,593,1,0
5154,0,9,0,0,3,407,32,0,3,20,0,74,2,573,0,2,0,623,0,0,215,6,0,4,0,1,3,0,1,107,1,4,15,0,14,0,0,0,0,0,0,1,0,10,0,5,0,0,9,0,1,0,0,3,0,0,0,0,1,0,0,0,0,0,2,1,1,0,54,0,0,0,0,0,0,13,0,0,2,4,42,0,1,1,0,41,3,2,2,397,8,66,3,50,0,17,0,15,15,4,10,29,0,0,5,328,814,137,18,67,0,15,2,0,238,0,220,6,2,5,0,0,0,2,13,0,0,1,0,105,2,0,0,0,6,0,0,0,3,14,92,0,22,0,2,1,0,0,0,0,0,0,0,20,130,1,1,0,5,0,0,0,2,1,0,0,0,1,1,0,7,0,4,1,0,0,2,2,62,0,4,0,0,0,0,0,0,0,4,0,0,0,0,62,0,3,0,0,2,21,20,0,1,0,1021,25,1
5810,0,4,3,0,0,1166,38,0,9,90,0,142,2,657,0,55,4,151,0,0,144,7,2,10,0,0,1,0,0,121,34,4,16,0,3,0,0,0,28,0,0,0,0,10,0,8,0,2,2,0,2,0,0,48,0,0,2,0,3,0,0,0,0,0,0,1,0,0,72,0,0,0,0,1,2,19,0,0,3,2,52,0,0,1,1,113,0,1,12,452,6,55,4,349,0,9,0,31,13,8,6,4,9,0,3,335,224,120,27,120,0,6,2,0,113,0,338,20,2,5,2,0,0,0,17,1,1,4,0,40,16,0,0,0,4,0,2,1,14,54,4,0,10,2,0,1,0,0,0,0,0,0,0,14,243,0,1,0,17,0,0,1,4,5,3,0,0,0,1,0,12,2,42,4,1,0,0,4,4,0,9,0,0,0,0,0,3,0,27,0,0,0,0,8,0,0,1,3,5,54,37,0,16,0,910,10,0
7079,0,1,0,0,0,1468,21,0,10,532,1,179,2,786,0,15,1,511,1,0,178,1,0,0,0,1,3,0,5,91,8,8,16,0,7,0,0,0,0,0,0,0,4,3,0,6,0,146,6,0,2,5,0,52,2,0,0,0,0,0,0,0,2,0,0,0,0,3,289,0,1,3,0,1,10,6,0,0,0,2,50,3,0,1,3,66,1,3,9,458,2,36,0,264,0,6,5,13,6,24,4,2,2,0,0,278,179,58,12,29,2,6,5,0,19,0,298,30,0,2,0,0,0,3,35,0,0,7,0,36,0,1,0,0,10,0,1,0,2,12,100,0,17,1,0,4,0,1,0,0,2,0,0,26,168,2,2,2,12,3,0,0,0,2,5,0,0,0,0,2,15,0,38,0,2,0,1,4,56,2,12,1,0,2,0,0,0,0,0,0,0,1,0,87,0,4,0,5,1,6,36,0,2,0,1545,16,3
7240,0,36,5,3,3,1827,20,0,9,147,11,285,1,441,0,93,4,749,42,4,13,4,0,5,0,0,3,0,0,205,28,0,14,0,16,0,0,1,0,0,0,10,0,87,0,17,5,76,6,0,4,1,1,42,0,1,0,0,0,0,0,0,0,2,0,5,0,8,139,0,1,4,1,0,2,18,0,0,16,1,94,1,1,36,70,58,4,4,0,182,16,31,5,102,0,3,35,46,16,29,1,23,74,0,5,166,474,824,18,100,1,0,2,0,24,1,174,42,3,33,1,0,0,0,14,3,0,11,0,15,19,0,1,0,2,0,0,16,33,25,0,0,22,4,16,0,0,0,0,0,0,16,1,16,97,14,0,22,14,6,0,0,2,2,0,0,0,4,3,5,5,0,47,1,1,0,0,0,1,2,39,0,0,5,0,0,0,0,0,0,3,1,2,37,0,0,4,3,18,30,13,0,17,1,287,15,1
5941,4,24,2,1,21,2330,20,0,8,1031,9,310,6,289,0,305,8,262,62,0,18,6,0,8,0,0,4,0,0,104,23,0,3,0,7,0,0,0,0,0,0,8,0,82,0,19,0,21,2,0,7,7,0,104,0,0,0,0,2,0,0,0,0,1,3,5,0,8,53,0,10,10,0,0,7,8,0,0,17,0,35,3,0,15,38,58,4,3,0,125,8,46,4,114,0,1,19,125,14,26,0,15,37,0,5,294,630,611,33,266,0,0,0,0,8,1,95,27,2,39,1,0,0,9,12,0,0,14,0,7,47,5,0,3,0,0,0,4,33,65,0,1,44,1,8,0,0,0,0,0,0,5,0,9,162,6,2,24,28,2,0,1,5,2,0,0,0,7,0,4,2,0,86,0,0,0,0,1,2,0,17,0,0,0,0,1,0,7,0,0,0,5,7,15,0,8,1,1,20,43,9,0,31,1,270,6,4
6734,5,44,8,8,7,2027,18,0,9,78,21,296,2,494,1,40,7,861,31,3,9,6,0,8,0,2,1,0,0,95,34,0,3,0,11,0,0,0,0,0,0,4,1,144,0,109,16,73,17,0,4,5,0,56,0,2,0,0,0,0,0,0,1,1,7,3,6,12,161,1,17,3,0,0,40,20,0,0,26,3,44,8,0,61,79,74,3,3,0,142,32,14,2,48,0,8,53,26,28,62,1,37,83,0,10,88,253,373,5,88,0,0,0,0,1,3,128,215,6,13,2,0,0,1,4,2,0,12,0,8,20,2,0,0,10,2,0,13,44,18,0,2,40,7,29,3,0,0,1,0,0,17,0,6,45,9,4,26,3,4,3,6,1,3,0,0,0,1,0,21,2,7,57,2,0,0,0,0,0,3,50,1,0,1,0,0,0,3,0,0,1,2,4,18,0,0,0,8,15,22,17,0,19,6,303,5,0
6796,2,56,16,5,2,1791,18,0,7,227,8,305,1,468,0,107,2,201,17,0,14,6,0,4,0,0,6,0,0,112,37,0,1,0,15,0,0,0,0,0,0,2,0,105,0,6,0,33,3,0,6,8,0,90,0,0,0,0,1,0,0,0,2,2,1,2,0,5,271,2,2,0,1,0,7,11,0,0,7,0,53,3,0,12,47,117,7,2,0,188,21,34,5,125,0,8,5,42,5,46,0,9,31,0,4,135,439,565,16,113,1,0,2,0,5,1,134,44,0,15,1,0,0,4,20,0,0,7,0,10,24,1,0,0,1,0,0,6,17,37,0,2,12,1,5,0,0,0,3,1,0,2,1,2,52,2,1,10,6,1,0,0,1,3,0,0,0,6,0,8,1,0,211,2,1,0,0,1,6,0,146,0,0,6,0,0,0,0,0,0,1,0,1,36,0,7,0,14,4,19,17,0,14,1,196,0,1
3076,1,0,4,0,7,2354,4,0,0,1213,0,280,0,222,0,168,7,112,64,0,12,4,0,14,0,3,0,0,0,481,16,5,0,0,9,0,1,0,0,0,0,18,1,201,1,0,11,7,1,0,2,1,1,10,0,0,0,0,0,0,0,0,0,0,0,7,2,0,61,0,7,0,0,0,4,2,0,0,6,0,53,1,0,17,66,20,0,0,0,17,279,18,9,164,0,0,27,64,4,6,0,1,5,0,0,30,2032,527,40,288,1,1,0,0,0,0,10,58,2,62,0,0,0,0,3,0,0,2,0,0,22,0,0,0,0,4,0,11,37,26,0,0,2,0,18,0,0,0,0,0,0,1,0,0,3,0,2,6,41,1,2,0,0,3,0,0,0,4,0,2,0,10,5,0,0,0,0,0,0,0,0,0,0,2,0,0,0,0,7,9,0,4,0,0,0,0,0,0,9,32,1,0,20,0,3,0,5
5627,0,37,0,0,0,1126,7,0,4,1985,0,226,0,299,0,570,3,678,20,0,11,11,0,6,0,4,1,0,0,268,30,11,0,0,9,0,0,0,0,0,0,5,0,38,0,0,0,10,0,0,2,1,4,31,0,0,0,0,0,0,0,0,0,0,0,6,0,1,95,0,0,0,0,0,6,0,0,0,5,0,38,0,0,5,10,39,1,3,0,46,20,68,22,292,0,0,2,208,1,4,0,10,2,0,0,253,1221,1263,166,575,5,1,0,0,0,0,21,13,0,94,0,0,0,1,3,0,0,5,0,0,93,1,0,0,0,0,0,6,23,93,0,0,6,0,2,0,0,0,0,0,0,2,0,0,15,0,0,1,16,2,0,0,0,0,0,0,0,0,0,1,6,0,62,0,0,0,0,0,0,0,0,0,0,0,0,0,0,0,44,1,0,0,0,0,1,0,0,0,10,105,0,0,61,0,3,0,0
4880,0,30,0,0,1,689,51,0,0,1114,0,106,0,693,0,220,0,715,15,0,18,18,0,5,0,0,0,0,0,125,13,3,0,0,20,0,0,0,0,0,0,0,0,7,0,0,0,3,0,0,1,1,2,4,0,0,0,0,0,0,0,0,0,0,0,0,0,0,227,0,0,0,0,0,1,0,0,0,1,0,54,0,0,4,6,47,0,0,0,80,11,78,42,145,0,0,2,84,0,2,0,4,1,0,0,259,806,769,54,322,1,0,0,0,0,0,68,19,0,72,0,0,0,1,5,0,0,9,0,0,79,0,0,0,0,0,0,1,6,140,0,0,4,0,0,0,0,0,0,0,0,0,0,0,27,0,2,3,7,0,0,0,0,3,0,0,0,0,0,1,8,0,58,0,0,0,1,0,0,0,0,0,0,0,0,0,0,0,42,1,0,0,0,0,2,0,0,0,3,62,0,0,55,0,5,0,0
6190,0,19,0,0,1,980,32,0,1,264,0,244,0,501,0,7,1,1847,6,0,7,2,0,3,0,0,0,0,0,242,3,0,1,0,12,0,0,0,0,0,0,1,0,6,0,3,0,37,0,0,3,3,0,0,0,0,0,0,0,0,0,0,0,0,0,0,0,1,463,0,1,0,0,0,1,0,0,0,1,0,48,0,0,4,6,48,0,1,0,78,13,7,8,204,0,0,0,37,0,2,0,2,0,0,1,102,1591,618,8,120,0,0,0,0,4,0,53,17,0,2,0,0,2,0,0,0,5,0,0,0,136,0,0,0,0,0,0,0,0,20,0,0,8,0,0,0,0,0,0,0,0,0,0,0,67,5,0,0,4,0,0,0,0,0,0,0,0,0,0,0,0,0,0,0,0,0,0,0,0,0,0,0,0,0,0,0,0,0,0,0,0,0,0,0,0,0,0,0,2,46,16,0,19,0,58,0,0
7315,0,0,0,0,0,536,21,0,0,764,4,96,0,319,0,60,2,936,19,0,160,0,0,10,0,0,0,0,0,137,4,0,0,0,48,4,0,0,0,0,0,5,0,45,1,0,0,25,1,0,2,3,2,37,0,0,0,0,0,0,0,0,0,0,0,13,0,1,1799,0,6,6,0,0,0,0,0,0,31,0,103,0,0,5,47,73,0,0,1,399,25,21,18,555,0,1,6,147,0,5,2,11,3,0,2,187,435,55,0,107,5,0,0,0,0,0,293,56,0,8,0,0,0,0,0,0,0,0,0,0,0,0,0,0,3,0,0,2,6,22,0,0,46,0,1,0,0,0,0,0,0,0,0,19,118,0,0,1,5,4,0,0,0,0,0,0,0,0,0,0,0,0,18,0,0,0,0,0,0,0,4,0,0,0,0,0,0,0,0,0,0,0,0,190,0,0,0,0,8,0,0,0,37,0,496,8,0
7203,0,0,2,0,0,325,22,0,0,789,1,84,0,414,0,57,0,745,3,0,92,0,0,1,0,0,0,0,0,293,16,0,0,0,24,21,0,0,0,0,3,0,0,6,1,2,0,12,1,0,1,0,1,1,0,0,0,0,0,0,0,0,0,0,0,3,0,1,1249,0,2,2,0,0,2,0,0,0,5,0,155,0,0,1,9,58,0,0,0,409,25,28,12,869,0,0,0,315,0,2,6,7,1,0,0,303,200,41,0,109,0,0,0,0,0,0,229,34,0,2,0,0,0,0,0,0,0,8,0,0,0,0,0,0,2,0,0,2,3,43,0,0,0,0,1,0,0,0,0,0,0,0,0,27,199,3,0,2,2,0,0,0,0,2,0,0,0,0,0,0,2,0,0,0,0,0,0,0,0,0,0,0,0,0,0,0,0,0,0,0,0,0,0,0,0,0,0,0,6,4,0,0,7,0,585,2,0
6346,0,0,0,3,0,365,5,0,0,139,2,73,0,158,0,6,1,2873,4,0,86,0,0,1,0,0,0,0,0,77,35,0,0,0,19,3,0,1,0,0,0,2,0,0,1,6,0,44,1,0,2,7,1,17,0,0,0,0,0,0,0,0,0,0,0,2,0,1,634,1,2,7,0,0,1,1,0,85,6,0,36,0,0,9,49,28,0,0,0,318,10,6,0,694,0,0,2,1,0,2,9,11,1,0,0,108,210,98,0,9,0,0,0,0,0,0,94,81,0,5,0,0,0,0,0,0,0,5,0,15,0,2,0,0,3,0,0,11,0,1,0,0,20,0,0,0,0,0,0,0,0,0,0,8,16,0,0,2,3,0,0,0,0,0,0,0,0,0,0,1,7,0,8,0,0,0,0,0,0,0,13,0,0,0,0,0,0,0,0,0,0,0,0,271,0,8,0,0,0,0,0,0,11,0,514,6,2
6774,0,1,0,0,2,289,28,0,0,208,5,38,0,282,0,10,2,1249,16,0,156,0,0,0,0,0,0,0,0,82,5,0,2,0,37,0,0,0,0,0,0,1,0,0,0,0,0,7,0,0,0,12,1,3,0,1,0,0,0,0,0,0,0,0,0,2,1,2,493,0,2,7,0,0,0,1,0,0,3,0,76,0,0,10,14,93,0,0,0,368,2,86,4,290,0,3,0,44,6,1,0,13,5,0,1,364,268,133,36,45,0,0,0,0,5,1,695,22,0,2,0,0,0,0,0,0,0,0,0,0,0,0,0,0,1,0,0,0,0,27,0,0,36,0,0,0,0,0,0,0,0,0,0,16,82,49,0,3,4,0,0,0,0,1,0,0,0,0,0,9,41,0,3,0,0,0,0,0,3,0,0,0,0,0,0,0,0,0,0,0,0,0,0,125,0,0,0,0,3,24,0,0,11,1,899,4,0
6592,0,0,0,0,0,323,29,0,0,231,0,38,0,340,0,9,1,1233,2,0,128,0,0,0,1,0,2,0,0,124,3,0,2,0,53,0,0,0,0,0,0,1,1,0,0,1,0,27,0,0,2,5,0,2,0,0,0,0,0,0,0,0,0,0,0,0,0,0,440,0,1,5,0,0,1,2,0,0,0,0,131,0,0,1,4,98,0,0,0,246,0,116,3,324,0,4,0,36,11,7,0,4,10,0,4,415,277,144,23,32,0,0,0,0,2,0,545,10,0,0,0,0,0,0,0,0,0,2,0,0,0,0,0,0,1,0,0,0,0,8,0,0,57,0,2,0,0,0,0,0,0,0,0,13,112,32,0,1,7,0,0,0,0,0,0,0,0,0,0,4,23,0,1,0,0,0,0,0,1,0,0,0,0,0,0,0,0,0,0,0,0,0,0,97,0,0,0,0,0,33,0,0,13,1,964,1,0
4716,0,1,0,0,0,354,19,0,0,1504,0,20,0,215,0,34,4,1228,5,0,91,0,0,0,0,0,0,0,0,88,2,0,3,0,29,0,0,0,0,0,0,2,0,0,1,2,0,28,0,0,1,12,0,0,0,1,0,0,0,0,0,0,0,0,0,0,0,0,179,0,0,7,0,0,0,1,0,0,0,0,69,0,0,2,5,78,0,0,0,153,0,16,12,328,0,1,0,345,3,0,0,3,6,1,5,398,402,160,29,96,0,0,0,0,0,0,444,22,0,0,0,0,0,0,0,1,0,2,0,0,0,0,0,0,0,0,0,0,0,58,0,0,9,0,0,0,0,0,0,0,0,0,0,13,226,31,0,0,6,0,0,0,0,2,0,0,0,0,0,3,21,0,6,0,0,0,0,0,0,0,1,0,0,0,0,0,0,0,0,0,0,0,0,2,0,0,0,0,0,55,1,0,29,0,585,0,0
4975,0,2,0,0,2,349,34,0,0,196,0,36,0,380,0,67,2,400,7,0,246,0,0,0,0,0,1,0,0,75,8,0,5,0,27,1,0,0,0,0,0,1,2,0,0,1,0,28,0,0,1,13,5,0,0,1,0,0,0,0,0,0,0,0,0,6,0,0,240,0,2,5,0,0,0,2,0,2,2,0,48,0,0,7,15,50,0,0,0,269,0,18,10,389,0,1,0,125,2,7,0,6,10,0,4,487,642,279,40,111,5,0,0,0,2,1,395,11,0,1,0,0,0,0,2,0,0,7,0,0,0,0,0,0,4,1,0,0,0,86,0,0,1,0,2,0,0,0,0,0,0,0,0,9,321,58,0,4,20,1,0,0,0,1,0,0,0,2,1,8,24,0,3,0,0,0,0,0,1,0,0,0,0,0,0,0,0,0,0,0,0,0,0,3,0,0,1,0,0,41,3,0,34,2,702,2,0
4519,0,0,0,0,0,582,53,58,0,389,2,66,0,283,0,13,1,730,3,0,95,0,0,1,0,0,1,0,0,80,4,0,0,0,18,0,0,0,0,0,0,1,0,12,0,8,0,110,0,0,0,13,0,34,0,0,0,0,0,0,1,0,0,0,0,0,1,0,84,0,1,0,0,0,1,0,0,0,3,0,61,2,0,3,5,65,0,2,1,204,5,38,1,389,0,1,5,29,0,6,5,10,4,0,0,729,164,117,5,17,0,0,0,0,96,0,129,10,0,1,0,0,0,1,0,0,0,5,0,78,0,0,0,0,4,0,0,4,1,0,0,0,3,2,0,0,0,0,0,0,0,1,0,40,145,0,0,3,2,0,0,0,0,7,0,0,0,0,0,0,9,0,23,0,0,0,0,0,0,0,10,0,0,0,0,0,0,0,0,0,0,0,0,211,0,8,0,0,2,32,4,0,0,0,1523,0,1
5038,0,0,0,0,1,367,42,10,0,202,0,44,0,299,0,22,0,1085,2,0,68,0,0,0,0,0,0,0,0,65,0,0,0,0,13,0,0,0,0,0,0,0,0,21,0,1,0,22,0,0,0,0,11,21,0,1,0,0,0,0,0,0,0,0,0,5,1,0,63,0,0,0,0,0,1,6,0,0,0,2,46,1,0,0,2,42,0,0,2,294,2,33,0,147,0,1,2,16,0,2,4,3,4,0,0,673,123,206,21,32,3,0,0,0,111,0,161,15,0,3,2,0,0,5,0,0,0,11,0,70,4,0,0,0,11,0,0,1,2,1,0,0,5,0,2,0,0,0,0,0,0,0,0,42,124,2,0,2,1,0,0,0,4,4,0,0,0,0,0,0,31,0,17,1,0,0,0,0,0,0,13,0,0,0,0,0,0,1,0,1,0,0,0,167,0,2,0,1,0,82,3,1,0,0,1294,1,11
4300,1,0,0,0,1,305,69,1,0,132,3,55,0,329,0,15,3,1022,10,0,145,0,0,5,0,0,1,0,0,45,6,0,0,0,49,0,0,0,0,0,0,1,0,36,0,6,0,20,3,0,1,7,8,14,0,0,0,0,0,0,0,0,0,0,0,1,0,3,110,0,1,3,0,2,6,3,0,0,14,0,25,3,0,6,7,29,0,1,12,399,4,128,11,87,0,0,4,1,0,20,14,21,17,0,0,1098,138,95,19,120,0,0,0,0,88,0,188,12,0,1,0,0,0,7,0,0,0,21,0,204,2,0,0,0,17,0,0,16,3,10,0,0,8,0,0,1,0,0,0,0,0,1,0,24,190,0,1,5,10,7,1,1,2,2,0,0,0,4,0,0,42,2,6,5,1,0,0,0,0,0,26,0,0,0,0,0,0,0,0,1,0,0,0,50,0,0,2,0,11,195,17,0,0,2,1147,1,1
7241,0,3,0,9,0,269,24,1,2,76,1,75,0,299,0,11,1,1612,5,0,281,0,0,0,0,0,2,0,0,52,3,1,2,0,28,0,0,0,0,0,0,0,0,9,1,4,3,17,0,0,3,1,2,13,0,0,0,0,0,0,0,0,0,0,0,0,0,1,187,0,0,6,0,5,3,3,0,0,3,0,80,2,0,2,1,69,4,0,1,256,3,23,4,313,0,0,7,11,5,9,9,3,16,0,26,252,155,84,0,23,0,0,0,0,0,0,364,16,1,3,0,1,0,0,0,0,0,15,0,0,1,0,0,0,10,0,0,8,0,1,0,0,29,0,1,0,0,0,0,0,0,4,0,21,103,40,0,0,0,0,0,0,0,4,0,0,0,2,0,4,2,0,2,0,1,0,0,0,16,1,18,0,0,0,0,0,0,0,0,0,0,3,0,201,0,6,0,0,3,3,4,0,2,0,831,5,1
5482,0,1,0,9,2,465,25,2,3,16,2,94,0,251,0,15,3,1336,12,0,77,1,0,0,0,0,2,0,0,79,2,3,8,0,30,1,0,0,0,0,0,1,3,3,1,12,4,30,0,0,1,5,3,16,0,0,0,0,0,0,0,0,0,0,0,0,1,0,243,0,0,0,0,3,3,4,0,0,1,0,111,1,2,1,4,70,2,2,2,180,2,20,1,508,0,0,14,31,3,12,22,4,29,0,6,289,410,56,0,11,1,0,1,0,0,0,184,16,0,2,0,1,0,0,1,2,0,19,0,0,0,0,0,0,5,1,3,7,1,1,0,0,12,0,5,0,0,1,0,0,2,4,0,11,99,13,0,2,8,2,0,0,0,6,0,0,0,3,0,2,1,0,1,0,1,0,0,1,7,0,2,0,0,0,0,0,0,1,0,0,0,3,1,178,0,0,0,2,0,5,10,2,3,1,514,1,1
6911,0,0,0,9,3,492,24,0,0,52,0,134,0,246,0,49,0,806,32,0,127,0,0,1,0,0,6,0,0,89,9,2,6,0,45,2,0,0,0,0,0,5,0,14,0,6,3,27,0,0,2,5,1,34,0,0,0,0,0,0,0,0,0,0,1,0,0,1,133,0,0,1,0,5,2,2,0,0,1,0,55,0,1,2,7,101,4,2,0,320,5,22,2,448,0,0,11,119,9,10,8,6,19,0,9,335,571,43,5,34,0,0,1,0,4,0,229,18,0,5,0,0,0,0,5,0,0,20,0,0,0,0,0,0,8,0,0,4,0,8,0,0,21,0,7,0,0,1,0,0,0,4,0,11,206,48,1,4,14,0,0,0,1,1,0,0,0,7,0,1,1,0,20,0,4,0,0,0,12,0,7,0,0,0,0,0,0,0,0,0,0,1,0,152,0,1,0,0,3,27,13,0,7,1,707,5,0
7242,0,0,1,8,0,1699,19,0,5,121,4,254,0,498,0,0,0,684,18,1,23,1,0,2,0,0,7,0,1,179,107,2,23,0,19,6,0,0,0,0,0,2,3,5,4,16,4,95,0,0,6,5,0,0,5,0,1,0,1,0,0,0,0,0,7,0,0,3,414,0,1,4,0,8,3,11,0,0,3,0,79,7,0,4,84,134,10,2,0,101,6,16,7,614,0,0,4,0,27,20,4,7,65,0,12,0,301,186,0,4,0,5,2,0,2,3,342,97,0,0,1,0,0,0,6,4,0,9,0,0,0,0,0,0,2,0,0,4,1,2,0,0,309,2,23,0,0,0,0,3,2,10,0,0,38,3,1,3,3,0,0,0,0,4,0,0,0,10,1,7,0,0,0,0,28,0,1,1,17,2,0,1,0,0,0,0,0,0,0,0,0,0,0,0,0,0,0,0,9,1,16,0,0,3,311,11,9
6368,0,2,0,0,2,993,18,0,0,81,1,130,2,610,1,40,3,752,16,0,32,1,0,2,0,0,1,0,0,77,15,0,2,5,24,0,0,0,0,0,6,6,2,10,3,7,5,28,3,0,0,6,0,24,0,0,0,0,0,0,0,0,0,1,2,1,1,3,348,0,5,5,2,0,0,0,0,0,9,0,50,1,0,1,10,61,1,0,0,332,6,43,2,443,0,1,45,14,2,8,0,13,2,0,4,71,423,235,6,99,0,0,0,2,1,0,156,33,0,4,0,1,0,0,2,2,0,5,0,0,18,1,0,0,4,0,0,0,0,26,0,2,88,0,0,0,0,0,0,1,0,0,0,3,90,26,0,5,6,1,1,1,1,1,1,0,0,5,0,0,9,0,57,1,4,0,0,0,0,0,23,1,2,0,0,1,0,0,0,0,0,1,2,99,0,1,1,2,1,8,0,1,13,2,338,1,0
5098,12,12,1,0,1,1840,4,0,0,107,11,315,3,491,4,46,13,1430,105,1,25,1,4,2,1,0,0,0,0,203,39,0,3,0,10,8,0,0,0,0,6,6,5,18,13,5,3,62,23,0,5,29,0,39,0,0,0,0,0,0,0,2,0,5,2,7,3,22,154,0,17,11,2,1,2,2,0,0,23,1,45,9,0,18,112,39,2,0,0,112,13,14,1,578,0,0,181,28,0,32,0,30,6,0,15,67,1127,159,0,20,0,2,0,5,0,4,64,170,0,15,1,2,1,0,2,2,0,8,0,0,3,7,1,3,0,4,0,4,5,4,0,7,32,0,4,3,0,0,0,4,3,4,0,3,10,15,0,17,20,0,8,2,1,3,1,0,0,17,0,1,2,0,47,0,18,0,1,6,1,3,11,1,1,0,3,2,0,4,0,0,0,4,1,75,0,9,1,6,14,1,0,0,4,12,505,23,1
5397,2,33,1,2,0,973,12,0,0,713,3,224,0,384,0,195,3,1049,24,0,31,3,0,9,0,0,0,0,0,103,15,0,0,0,8,0,0,0,1,0,2,2,0,26,0,0,0,20,0,0,2,22,0,65,0,0,0,0,0,0,0,0,0,0,0,1,0,0,102,0,1,10,0,0,2,2,0,0,2,0,48,0,0,8,10,79,0,0,0,49,7,10,4,735,0,0,5,100,0,4,0,19,4,0,0,18,819,145,35,102,0,0,0,0,9,3,160,99,0,23,0,0,0,15,12,0,0,6,0,28,6,0,0,0,0,0,0,0,15,18,0,0,22,0,0,0,0,0,0,0,0,0,0,1,80,10,0,2,22,0,9,0,0,3,0,0,0,7,1,0,10,0,131,0,0,0,0,0,0,0,49,0,2,1,0,1,1,0,43,0,0,1,0,0,0,8,1,0,21,21,2,0,37,0,340,0,1
5255,1,7,1,0,0,730,20,0,0,200,7,105,0,284,0,34,1,1082,17,0,132,1,0,1,0,0,0,0,0,55,10,0,0,0,8,0,0,0,0,0,1,3,0,1,0,0,0,47,0,0,1,20,0,18,0,0,0,0,0,0,0,0,0,0,0,0,0,0,114,0,1,9,0,0,9,0,0,0,1,0,49,1,0,26,28,46,0,0,0,123,8,16,8,319,0,0,28,36,0,5,0,10,6,0,1,32,252,212,18,18,3,0,0,0,1,0,101,96,0,1,0,0,0,10,1,0,0,4,0,13,2,0,0,0,1,0,0,0,3,5,0,0,44,0,0,0,0,0,0,0,2,0,0,4,97,13,0,1,14,1,1,0,0,1,0,0,0,2,0,0,6,0,31,0,0,0,0,0,0,1,25,0,0,0,0,0,0,0,1,0,0,0,0,0,0,1,0,0,16,18,1,0,23,0,260,2,2
4947,0,2,1,0,0,764,15,0,0,67,0,114,0,79,0,5,0,2296,6,0,207,0,0,0,0,0,0,0,0,38,15,0,0,0,3,0,0,0,0,0,3,0,0,2,0,0,0,63,1,0,1,8,0,11,0,0,0,0,0,0,0,0,0,0,0,0,0,0,34,0,2,1,0,0,0,1,0,0,1,0,27,0,0,4,20,53,0,0,0,106,4,10,3,222,0,0,16,19,0,1,0,20,1,0,0,14,225,60,4,5,0,0,0,0,5,0,244,88,0,0,0,0,0,1,0,0,0,1,0,13,0,1,0,0,0,0,0,0,0,0,0,0,17,0,0,0,0,0,0,0,0,0,0,2,17,9,0,0,3,0,0,0,0,0,0,0,0,0,1,0,7,0,9,0,0,0,0,0,0,0,8,0,1,2,0,0,0,0,0,0,0,0,0,0,0,1,1,0,2,1,0,0,11,0,677,1,2
5770,0,0,0,1,1,1252,21,0,0,828,2,176,0,148,0,123,1,1111,14,0,52,0,0,0,0,0,0,0,0,113,14,0,1,0,24,0,0,0,0,0,2,1,0,1,0,0,0,45,0,0,3,13,0,20,0,0,0,0,0,0,2,0,0,0,0,2,0,0,38,0,3,10,0,0,0,1,0,0,1,0,25,0,0,8,25,58,0,1,0,56,21,16,23,312,0,0,60,139,2,2,0,9,4,0,0,56,623,182,37,102,0,0,0,0,5,0,133,227,0,0,0,0,0,18,1,0,0,0,0,25,8,0,0,0,0,0,0,0,1,6,0,0,55,0,1,0,0,0,0,0,0,0,0,3,211,20,0,0,11,0,2,0,0,2,0,0,0,0,2,0,4,0,24,0,0,0,0,0,0,0,14,0,0,1,0,0,0,1,8,0,0,0,0,0,0,4,0,0,12,44,1,0,25,0,408,0,3
3324,0,52,0,0,8,1667,10,0,3,789,1,493,0,127,0,158,7,124,12,0,3,3,0,6,0,0,0,0,0,303,58,2,0,0,0,0,0,0,0,0,0,17,0,0,0,0,0,49,0,0,1,3,0,73,0,0,0,0,0,0,0,0,0,0,0,6,0,0,44,0,1,0,0,0,2,1,0,0,1,1,34,0,0,3,8,52,0,0,3,4,4,11,3,600,0,3,0,372,4,12,0,4,27,0,1,89,1044,122,2,244,0,1,0,0,5,0,34,2,0,0,0,0,0,0,1,0,0,6,0,0,20,0,0,0,0,0,0,0,0,34,0,0,0,0,0,0,0,0,0,0,0,0,0,0,3,0,0,0,23,0,0,0,0,5,0,0,0,0,0,0,0,0,5,1,0,0,0,0,0,0,11,0,0,4,0,0,0,2,49,1,0,0,0,0,0,5,2,0,0,26,6,0,25,0,144,0,0
6775,0,1,0,0,1,646,5,0,3,299,2,267,0,622,0,232,2,1215,7,0,16,4,0,7,0,0,0,0,0,184,16,0,0,0,10,0,0,0,0,0,1,17,0,8,0,1,0,50,0,0,1,2,0,40,0,0,0,0,0,0,0,0,1,0,0,1,0,0,72,0,5,0,0,0,2,1,0,0,4,0,73,1,0,11,21,72,0,1,1,137,2,16,8,285,0,3,1,190,5,1,0,15,23,0,0,421,685,174,9,101,4,1,0,0,4,0,162,7,0,5,0,0,0,0,1,0,0,8,1,3,65,0,0,0,1,0,0,0,0,10,0,1,2,0,0,1,0,0,0,0,0,4,0,1,14,0,0,0,3,0,0,0,0,1,0,0,0,0,3,4,5,0,4,0,0,0,0,1,0,0,43,0,0,0,0,0,0,0,2,1,0,0,0,0,0,10,0,0,3,71,0,0,17,0,561,3,0
4720,0,20,0,0,8,1021,8,0,1,732,0,430,0,520,0,378,3,1004,1,0,3,5,0,5,0,0,0,0,0,319,4,1,0,0,1,0,0,0,0,0,2,15,0,5,0,0,0,17,0,0,1,6,0,23,0,0,0,1,2,0,0,0,0,0,0,0,1,1,102,0,1,0,0,0,2,1,0,0,5,1,97,0,0,0,8,19,0,1,1,6,9,37,8,169,0,0,0,682,2,1,0,3,6,0,1,205,845,153,4,104,0,2,0,0,0,0,25,28,0,14,0,0,0,0,2,0,0,23,0,1,83,0,0,0,0,0,0,0,1,33,0,0,0,0,0,0,0,0,0,0,0,0,0,0,17,0,0,0,16,0,0,0,0,9,0,0,0,0,0,1,0,0,22,0,0,0,0,0,0,0,19,0,0,0,0,0,0,0,49,0,0,0,0,0,1,0,0,0,13,63,22,0,22,0,32,0,0
4766,0,5,0,0,5,689,12,0,2,197,0,230,0,396,0,133,0,1860,0,0,24,1,0,0,0,0,1,0,0,123,1,0,0,0,11,0,0,0,0,0,2,0,0,15,0,2,0,0,1,0,2,0,1,32,0,0,0,0,0,0,0,0,0,0,0,0,0,0,14,0,0,0,0,0,1,4,0,0,1,0,52,0,0,0,0,49,0,0,0,74,6,37,4,87,0,0,0,48,0,5,0,0,2,0,0,187,813,198,10,80,0,0,0,0,2,0,116,19,0,0,0,0,0,1,0,0,0,0,0,6,36,0,0,0,1,0,0,2,1,11,0,0,0,0,0,0,0,0,0,0,1,0,0,1,171,0,0,0,9,0,0,0,0,1,0,0,0,0,1,1,0,0,2,0,0,0,1,0,0,0,0,0,0,1,0,0,0,0,0,0,0,0,0,0,0,0,1,0,3,27,0,0,13,0,1062,0,1
6127,0,2,1,0,0,146,53,0,0,3,0,52,2,365,0,12,1,170,11,0,469,6,0,3,0,0,0,0,0,126,5,0,5,0,45,0,0,1,0,0,2,0,5,0,0,3,0,9,5,0,1,1,0,5,0,0,0,0,0,0,0,0,0,0,0,1,0,6,207,0,0,0,0,0,0,1,0,0,0,0,64,0,0,1,1,75,0,0,0,410,0,29,12,351,0,0,0,119,1,4,0,2,1,0,4,332,1016,269,67,517,0,0,0,0,114,1,190,4,0,0,0,0,0,0,0,1,0,14,0,1,13,0,0,0,1,0,0,0,1,27,0,0,23,0,0,0,0,0,0,0,1,1,0,22,189,35,2,0,3,0,0,0,0,2,0,0,0,1,0,0,29,0,35,0,0,0,0,0,0,1,11,0,0,0,0,0,0,0,0,0,0,0,1,0,0,0,0,0,1,70,93,0,37,0,631,0,0
6706,0,2,0,0,0,208,58,0,0,4,0,71,0,473,0,4,1,727,7,0,819,5,0,1,0,0,0,0,0,156,4,0,6,0,56,0,0,0,0,0,0,0,1,0,0,7,0,14,0,0,0,5,0,12,0,1,0,0,0,0,0,0,0,0,0,1,1,0,240,2,0,0,0,0,0,2,0,0,0,0,106,0,0,4,4,106,0,0,1,334,0,27,8,179,0,0,1,77,2,4,0,3,1,0,2,503,866,178,20,217,0,0,0,0,411,1,257,18,0,0,0,0,0,0,0,0,0,25,0,75,33,0,0,0,3,0,0,0,0,12,0,0,39,1,0,0,0,0,0,0,0,2,0,54,151,47,0,0,5,0,0,0,0,4,0,0,0,0,0,3,55,0,37,0,0,0,0,0,0,1,10,0,0,0,0,0,0,0,0,0,0,2,0,0,0,0,0,0,0,103,60,0,31,0,490,1,0
6637,0,2,1,0,0,225,37,0,0,45,0,177,0,544,0,49,0,149,11,0,181,1,0,0,0,0,0,0,0,163,1,0,0,2,45,0,0,0,0,0,0,0,0,0,0,2,0,9,1,0,1,5,0,10,0,0,0,0,0,0,0,0,0,0,0,1,0,0,237,0,0,0,0,0,0,0,0,0,1,0,125,0,0,2,4,90,0,0,0,235,1,39,9,343,0,0,0,150,14,2,0,1,0,0,7,451,1008,229,28,248,0,0,0,0,65,0,238,6,0,1,0,0,0,0,0,0,0,12,0,18,45,0,0,0,2,0,0,0,2,32,0,0,27,0,0,0,0,0,0,0,0,1,0,27,157,51,0,0,5,0,0,0,0,2,0,0,0,0,0,1,32,0,31,0,0,0,0,0,0,0,25,0,0,0,0,0,0,0,0,0,0,0,0,0,0,0,0,0,0,114,51,0,38,0,580,3,0
7700,0,0,0,0,1,195,47,0,0,32,2,44,0,1113,0,15,0,298,12,0,522,2,0,0,0,0,0,0,0,128,4,0,4,0,130,0,0,0,0,0,0,0,4,0,0,1,1,7,1,0,4,5,0,6,0,0,0,0,0,0,0,0,0,0,0,0,1,0,284,1,1,0,0,0,3,0,0,4,1,0,64,0,0,2,1,112,0,0,0,401,11,95,15,165,0,0,5,51,1,2,0,1,1,0,1,447,315,228,27,112,0,0,0,0,184,0,355,28,1,0,0,0,0,0,0,0,7,30,0,92,10,0,0,0,43,0,0,0,1,0,0,0,7,0,0,0,0,0,0,0,0,0,0,34,111,61,0,0,1,0,0,0,0,1,0,0,0,2,0,1,85,0,17,0,0,0,0,0,0,0,9,0,0,0,0,0,0,0,0,0,0,0,0,0,0,0,1,0,0,39,47,0,28,0,1194,1,0
