67,0,0,176,1,26,1,1,29,0,0,0,1,0,0,0,0,20,2,0,7,4,0,0,1,0,0,0,0,12,109,0,0,180,1369,0,0,6,0,0,0,0,0,0,1,1,49,0,0,4,0,0,2247,0,84,0,1,0,0,0,0,0,0,0,0,0,7,2488,0,0,914,0,0,2,2,0,0,0,0,6,1,0,0,6,1308,0,0,0,0,1592,0
149,0,4,393,8,14,0,6,23,0,1,4,1,6,0,0,0,17,15,1,3,66,0,2,9,0,0,6,3,79,638,0,0,334,628,0,4,2,0,0,1,0,2,0,1,27,26,0,0,4,0,0,160,1,31,0,7,0,0,0,0,0,0,0,3,0,3,729,2,0,2720,1,0,0,28,1,0,0,0,5,0,0,4,9,4245,0,0,0,8,2034,3
123,0,0,325,0,1,0,0,130,0,0,0,1,26,0,0,0,23,3,0,0,14,0,0,0,0,0,0,2,15,139,0,0,302,2369,0,1,14,0,0,0,0,12,0,0,3,52,0,0,7,0,0,67,1,38,0,0,0,0,0,0,0,0,0,2,0,11,3373,0,0,1823,0,0,0,2,0,0,0,0,7,0,0,8,18,2680,0,1,0,3,2325,0
101,0,0,177,10,37,1,1,46,0,0,0,8,8,0,0,0,8,12,4,2,23,0,0,3,0,0,1,0,218,87,0,0,187,1215,0,3,6,0,0,0,0,0,0,3,5,114,0,0,8,0,0,1388,0,39,0,1,0,0,1,0,0,0,0,0,22,238,3390,0,0,1829,0,0,0,1,0,0,0,0,4,0,0,0,4,2276,0,0,0,1,1992,0
92,1,0,1104,4,167,0,0,85,0,0,0,1,0,0,0,0,55,3,0,0,8,0,0,2,0,0,0,0,23,87,0,0,110,468,0,0,77,46,0,0,0,0,0,1,45,251,0,0,17,0,0,147,0,55,0,1,0,0,43,0,0,0,0,0,9,11,4651,0,0,859,0,5,0,18,0,0,0,0,10,0,1,0,25,1599,1,2,1,0,3671,0
117,0,0,1624,13,129,0,0,69,0,0,0,3,0,0,0,1,29,7,4,3,40,0,0,1,0,5,0,0,59,87,1,0,201,418,0,8,67,37,0,0,0,0,0,4,233,299,0,0,16,0,0,1386,0,64,1,0,0,0,16,0,0,0,0,0,8,30,3791,0,1,927,3,0,0,11,0,0,0,1,6,0,2,0,10,1910,0,0,3,0,3747,0
79,0,0,661,23,20,0,0,52,0,0,0,5,0,0,0,0,49,12,3,0,24,0,0,2,0,1,0,0,18,67,0,0,185,293,0,2,9,0,0,0,0,0,0,0,65,74,0,0,1,0,0,73,0,55,0,1,0,0,0,0,0,0,0,1,6,3,2301,1,0,1204,0,0,0,18,0,0,0,0,2,0,0,3,15,4253,1,1,0,0,4573,2
116,0,0,782,6,107,0,0,25,1,0,0,9,0,0,0,2,33,2,3,2,13,0,0,0,0,0,0,0,217,94,0,0,224,777,0,0,45,0,0,0,0,0,0,0,122,170,0,0,7,0,0,1212,0,70,0,0,0,0,14,0,0,0,0,0,12,3,4507,1,3,1212,0,2,0,8,0,0,0,0,6,0,0,0,21,2127,0,0,0,0,3175,0
124,1,0,375,4,92,0,0,19,0,1,1,13,0,0,0,0,19,4,2,6,6,0,0,0,0,0,1,0,131,122,0,0,355,1359,0,0,24,8,0,0,0,0,0,1,65,17,0,0,3,0,0,74,0,64,0,4,0,0,5,0,0,0,3,1,17,61,2564,0,0,1539,0,4,0,2,0,0,0,0,5,0,0,0,4,2266,1,1,2,0,2418,0
80,1,0,353,11,54,0,0,7,1,0,0,4,0,0,0,4,11,10,0,4,7,0,0,2,0,1,0,0,295,78,0,0,143,1289,0,2,69,20,0,0,0,0,0,1,241,10,0,1,2,0,0,916,0,71,0,21,8,0,11,0,0,0,29,1,32,57,2427,0,0,790,3,0,1,10,0,0,0,0,20,0,0,0,12,1442,0,0,0,1,3113,0
115,2,0,218,22,171,0,0,4,0,0,0,6,0,0,0,0,3,1,0,4,4,0,0,0,0,0,1,1,79,207,0,1,118,1460,0,1,20,1,0,0,0,0,0,0,42,3,0,0,2,0,0,364,0,19,0,7,0,0,7,0,0,0,0,0,19,33,3255,0,0,1475,1,0,0,2,0,0,0,1,9,0,0,0,1,1866,0,0,0,0,1361,0
60,5,4,450,12,85,0,0,25,0,0,0,2,0,0,0,0,21,6,0,7,3,0,0,0,0,0,1,0,76,79,0,0,162,675,0,3,39,46,1,0,0,0,0,1,60,19,0,0,8,0,0,238,0,33,0,0,4,0,28,0,0,0,0,0,28,31,3949,0,0,646,1,4,1,13,0,0,0,0,17,0,1,0,10,2400,0,1,0,0,2667,0
535,22,2,585,60,135,0,1,35,1,0,0,17,0,0,0,1,28,17,2,11,11,0,0,0,0,0,0,0,282,128,0,0,199,253,0,5,67,64,0,0,1,0,0,8,639,74,4,0,2,0,0,3792,0,38,0,2,18,0,33,1,0,0,0,0,24,170,2080,0,2,1143,6,2,0,5,0,0,0,0,29,0,11,0,16,1146,4,1,0,1,2294,0
311,3,1,399,15,222,0,0,26,0,0,0,17,0,0,0,1,29,6,0,13,2,0,0,28,0,0,0,0,566,97,0,0,70,165,0,5,168,36,0,0,0,0,0,9,487,144,16,0,11,0,0,4020,0,35,0,27,15,2,113,0,0,0,2,0,33,121,2743,0,0,734,10,2,0,30,0,2,0,0,22,0,59,0,28,469,19,3,0,6,1951,0
213,4,5,252,7,258,0,0,29,0,0,0,7,0,0,0,2,44,9,0,15,2,0,0,6,0,0,0,0,339,55,0,0,70,201,0,2,79,87,0,0,0,0,0,7,856,64,1,0,15,0,0,3733,0,48,1,22,37,0,81,4,0,0,2,0,46,79,3299,0,1,739,24,10,0,35,0,0,0,0,22,0,52,0,22,827,12,0,0,8,1242,0
233,1,0,509,1,148,0,0,31,0,0,0,6,0,0,0,2,24,7,0,4,0,0,0,7,0,0,0,0,238,67,0,0,70,181,0,2,51,116,0,0,0,0,0,1,637,88,0,2,14,0,0,2714,0,30,0,14,14,0,98,2,0,0,1,0,50,96,2554,0,0,582,32,17,1,14,0,0,0,0,25,0,50,0,19,751,10,11,0,5,1487,0
49,0,0,652,2,35,2,0,14,0,0,0,3,1,0,0,0,28,2,0,6,0,0,0,1,0,0,0,0,1227,67,0,0,49,360,0,0,105,0,0,0,0,0,0,1,688,348,0,0,29,0,0,576,0,74,0,2,0,0,21,0,0,0,0,0,35,41,3886,0,0,418,2,5,0,13,0,0,0,0,70,0,14,0,151,700,2,1,0,0,2006,0
86,0,0,886,11,182,0,0,50,0,0,0,1,0,0,0,0,12,6,1,4,5,0,0,3,0,0,0,0,386,104,0,0,115,359,0,4,77,0,1,0,0,0,0,0,257,271,0,0,24,0,0,156,0,56,0,0,0,0,8,0,0,0,0,0,17,35,3448,0,0,1048,0,6,0,14,0,0,0,0,60,0,6,0,66,1707,4,1,0,0,2201,0
24,2,1,617,0,114,0,0,22,0,0,0,0,3,0,0,0,11,2,0,0,2,0,0,2,0,0,0,0,27,12,0,0,12,24,0,0,87,0,0,0,0,0,0,0,431,324,0,0,9,0,0,8,0,16,0,0,0,0,1,0,0,0,0,0,0,4,2177,0,0,28,1,5,0,29,0,0,0,0,23,0,0,0,71,408,0,2,0,0,892,0
66,2,0,822,11,205,14,0,78,0,0,0,1,40,0,0,0,5,6,0,2,2,0,0,13,0,0,0,0,81,23,0,0,62,53,0,0,64,0,0,0,0,2,0,0,218,730,0,0,51,0,0,38,0,27,0,1,0,0,12,0,0,0,0,0,6,23,3827,1,0,126,1,5,0,11,0,0,1,0,71,1,0,0,58,1431,1,5,0,0,2363,0
97,5,0,141,6,69,0,0,15,0,0,0,11,0,0,0,0,9,12,0,0,3,0,0,0,0,0,0,0,140,201,0,0,255,1770,0,5,14,0,0,0,0,0,0,2,53,28,0,0,6,0,0,755,0,14,1,0,0,0,5,0,0,0,0,0,4,530,850,0,0,1806,0,4,0,0,0,0,0,0,2,1,1,0,8,1787,0,1,1,0,1058,0
425,10,1,273,27,134,0,0,11,0,0,0,9,0,0,0,0,16,6,2,3,19,0,0,0,0,2,0,0,305,109,0,0,158,367,0,0,22,0,0,0,0,0,0,3,78,15,0,0,8,0,0,1538,0,41,0,1,2,0,8,0,0,0,1,0,11,217,3369,1,0,551,1,3,0,3,0,0,0,1,15,0,5,0,19,1525,0,0,0,0,2092,0
57,1,0,13,3,5,0,0,8,0,0,0,8,0,0,0,0,8,6,1,4,1,0,0,0,0,0,0,0,36,86,0,0,108,1356,0,1,7,0,0,0,0,0,0,1,10,19,0,0,3,0,0,661,0,22,1,0,0,0,0,0,0,0,0,0,3,2,2693,0,0,1263,0,0,0,1,0,0,0,0,9,0,0,0,2,2781,0,0,0,0,1701,0
68,1,0,722,10,486,0,0,126,0,0,0,31,0,0,0,7,70,20,0,8,1,0,0,2,0,8,0,1,537,88,0,0,63,824,0,0,33,52,0,0,0,0,0,0,976,601,0,0,59,0,0,330,0,23,0,28,0,0,40,0,0,0,0,0,19,111,4683,0,0,285,23,15,0,99,0,0,0,0,24,2,35,0,174,646,26,2,0,3,2365,1
144,10,0,985,23,64,1,1,24,1,0,0,12,0,2,0,2,30,26,3,36,17,0,0,4,0,1,6,1,592,297,0,2,170,1430,0,0,18,31,2,0,2,0,1,24,845,129,0,0,15,0,0,1142,0,48,1,75,4,0,11,2,0,2,9,2,17,85,840,0,0,459,15,14,0,11,0,0,0,0,15,2,32,0,23,2763,7,8,0,14,2536,0
200,0,0,346,73,107,0,0,25,3,0,0,27,0,1,0,1,16,40,3,3,33,0,0,3,0,11,1,1,591,400,0,1,300,1812,0,8,31,4,3,0,3,0,0,8,415,33,0,0,2,0,0,1168,0,13,0,49,0,0,2,0,0,0,8,3,20,215,481,2,4,916,2,5,0,6,0,0,0,0,3,1,66,0,25,2415,3,0,1,7,1168,0
78,2,0,598,3,144,3,0,74,0,0,0,1,0,0,0,5,9,2,0,2,0,0,0,0,0,0,0,0,159,56,0,0,83,577,0,0,10,2,0,0,0,0,0,0,52,91,0,0,6,0,0,378,0,29,0,1,0,0,14,0,0,0,0,0,18,10,3194,0,0,139,1,1,0,3,0,0,0,0,10,0,0,0,2,1322,2,2,0,0,2187,0
161,34,0,784,9,191,2,0,33,0,0,0,25,0,0,0,2,8,9,3,1,4,0,0,0,0,0,0,0,59,200,0,0,372,1064,0,5,6,1,0,0,0,0,0,18,40,33,0,0,3,0,0,177,0,38,7,2,0,0,5,0,0,0,0,0,4,69,2185,0,10,553,0,0,6,5,0,0,0,0,15,3,0,5,4,4764,0,0,0,0,2872,0
33,0,0,1272,7,12,22,0,357,0,0,0,3,0,0,0,0,3,3,0,1,0,0,0,3,0,0,0,0,3,9,0,0,32,56,0,0,13,1,0,0,0,0,0,3,8,306,0,0,16,0,0,7,0,9,1,0,0,0,1,0,0,0,0,1,0,3,3888,0,0,44,0,0,4,14,0,0,0,0,25,0,0,0,5,3286,0,1,0,0,4128,0
101,3,0,1324,11,31,1,0,145,0,0,0,25,0,0,0,1,11,6,0,4,0,0,0,0,0,0,0,0,207,112,0,0,209,1102,0,4,10,1,0,0,0,0,0,4,61,180,0,0,11,0,0,538,0,38,1,0,0,0,11,0,0,0,0,0,9,29,3883,1,2,652,0,5,0,5,0,0,0,0,45,0,0,0,7,1964,0,0,0,0,2370,0
56,5,1,133,15,437,0,0,4,1,0,0,33,0,0,0,0,8,26,1,2,2,0,0,0,0,2,0,0,785,136,0,0,82,3151,1,2,47,2,0,0,1,0,0,19,98,12,0,0,2,0,0,616,0,101,2,0,4,0,2,0,0,0,1,1,25,277,1536,0,0,889,4,13,0,6,0,0,0,0,2,0,3,0,6,735,1,0,0,0,2107,0
114,6,46,486,43,24,0,1,5,2,0,2,22,0,0,0,0,33,207,75,5,533,0,0,3,0,12,0,0,296,105,10,0,55,1405,1,25,16,0,5,0,0,0,0,18,1117,34,2,0,0,0,0,448,0,50,9,5,2,0,0,0,0,0,1,2,2,28,701,1,0,801,4,0,0,95,0,0,0,0,1,0,2,0,3,2734,15,0,0,7,3489,4
56,4,1,255,25,425,0,0,31,0,0,0,12,0,0,0,0,19,9,0,6,4,0,0,1,0,0,0,0,300,60,1,0,82,2223,0,2,4,0,0,0,0,0,0,2,31,121,0,0,6,0,0,896,0,93,1,1,0,0,0,0,0,0,0,1,2,31,4173,0,0,640,0,0,1,12,0,0,0,0,4,0,2,0,6,1684,3,0,0,1,2641,0
36,2,0,100,13,128,0,0,5,0,0,0,10,0,0,0,0,8,6,0,1,9,0,0,1,0,0,0,0,174,114,0,0,87,1674,0,1,10,2,0,0,0,0,0,1,34,27,0,0,0,0,0,83,0,43,0,0,0,0,0,0,0,0,0,0,9,167,991,0,0,1042,2,4,0,4,0,0,0,2,0,0,0,0,2,1107,0,1,0,0,2159,0
111,22,1,775,8,3,0,0,47,0,0,0,10,295,0,0,0,17,9,2,0,45,0,0,3,0,0,0,0,119,88,1,0,173,80,0,4,116,0,0,0,0,14,0,6,649,229,0,0,6,0,0,444,0,19,0,2,0,1,0,0,0,0,0,0,0,10,1163,6,4,2184,0,11,6,22,0,0,0,0,16,9,0,0,39,2789,0,0,0,0,3193,0
63,4,2,1039,2,1,0,0,114,0,0,0,3,256,0,0,0,12,4,2,0,79,0,0,4,0,1,0,0,15,29,0,0,95,70,0,6,42,0,0,0,0,1,0,0,101,223,0,0,0,0,0,16,0,1,0,1,0,0,0,0,0,0,0,0,0,4,3036,0,0,660,0,5,1,64,0,0,0,0,4,0,0,0,41,2282,1,0,0,0,3438,0
216,56,16,488,33,9,0,0,15,0,0,0,6,16,0,0,0,8,26,11,1,309,0,0,4,0,10,0,0,344,249,0,0,161,1048,0,24,157,0,1,0,0,0,0,1,844,61,0,0,4,0,0,696,0,36,0,1,0,0,0,0,0,0,0,0,0,78,1726,1,1,1149,0,4,0,29,0,0,0,0,9,0,0,0,24,2244,10,0,0,2,2200,0
192,10,1,684,0,2,0,0,32,0,0,0,1,2,0,0,0,13,3,0,0,727,0,0,2,0,0,0,0,21,142,0,0,204,199,0,1,65,0,0,0,0,0,0,1,358,94,0,0,7,0,0,566,0,11,0,1,0,0,1,0,0,0,0,0,0,1,1506,1,2,1778,0,4,2,17,0,0,0,0,22,0,0,0,13,2475,0,0,0,0,2030,0
104,0,1,885,5,131,0,0,32,0,0,1,5,0,0,0,1,55,10,1,4,0,0,0,1,0,0,0,0,394,50,0,0,333,1176,0,4,56,43,0,0,0,0,0,0,682,117,0,2,4,0,0,2473,0,34,0,0,2,0,8,0,0,0,3,0,9,1,1923,0,0,1229,1,0,1,23,0,0,0,0,4,0,1,0,17,765,2,2,0,1,1671,0
57,1,17,1379,0,207,0,0,49,0,0,0,13,0,0,0,1,67,35,0,5,10,0,0,1,0,0,0,3,678,13,0,0,46,78,0,4,201,11,0,0,1,0,0,1,1536,350,0,0,15,0,0,1309,0,55,0,5,1,0,8,0,0,0,3,4,8,0,2583,0,0,166,2,5,2,47,0,0,0,0,9,0,0,0,21,697,10,0,0,2,2410,0
41,1,1,701,2,305,0,0,43,0,0,0,10,0,0,0,0,37,23,1,8,2,0,0,0,0,1,0,0,557,33,0,0,115,297,0,1,153,44,0,0,0,0,0,1,916,122,0,0,9,0,0,1814,0,74,0,0,1,0,34,1,0,0,2,0,18,48,2601,0,0,304,5,4,0,20,0,0,0,0,10,0,0,0,33,760,5,1,0,0,1824,0
76,1,12,610,5,85,0,0,55,0,0,0,6,1,0,0,0,18,4,0,12,2,0,0,0,0,0,0,0,134,51,0,0,199,1225,0,2,94,25,0,0,0,0,0,4,343,79,0,0,10,0,0,1933,0,58,0,2,0,0,38,0,0,0,1,1,25,27,3045,0,0,442,2,2,0,9,0,0,0,0,10,0,0,0,23,1490,1,3,1,0,2456,0
100,2,0,142,13,328,0,0,26,0,0,0,10,0,0,0,0,5,5,2,4,6,0,0,1,0,0,0,0,318,102,0,0,87,1269,0,1,36,0,0,0,0,0,0,0,87,51,0,0,6,0,0,88,0,30,0,4,1,0,14,0,0,0,1,0,32,107,5031,0,0,812,1,5,0,0,0,0,0,0,2,0,0,0,72,1265,0,2,0,1,2078,0
100,0,1,179,3,58,0,0,25,0,0,0,13,0,0,0,0,5,2,1,7,2,0,0,3,0,6,0,0,746,217,0,0,282,1244,0,0,20,7,0,0,0,0,0,0,219,60,0,0,11,0,0,206,0,81,0,38,2,0,22,0,0,0,1,0,54,407,2711,0,0,1150,1,6,0,9,0,0,0,0,10,0,23,0,91,1729,6,0,0,0,2353,0
166,1,0,362,5,39,0,0,11,0,0,0,3,0,0,0,0,4,2,1,3,2,0,0,1,0,1,0,0,200,314,0,0,401,615,0,1,6,0,0,0,0,0,0,1,107,13,0,1,0,0,0,39,0,16,0,18,3,0,14,0,0,0,0,0,23,236,2229,0,0,1256,3,2,0,3,0,0,0,0,15,0,7,0,23,2293,1,0,1,1,1033,0
67,0,0,707,0,60,0,0,43,0,0,0,4,3,0,0,0,18,1,0,0,7,0,0,0,0,0,0,0,0,45,0,0,105,113,0,5,43,0,0,0,0,0,0,0,47,327,0,0,0,0,0,3,0,11,0,1,0,0,0,0,0,0,0,0,0,0,3754,0,0,388,0,7,0,7,0,0,0,0,2,0,0,0,22,1903,0,0,0,0,3530,0
46,0,0,1887,0,80,0,0,48,0,0,0,2,11,0,0,0,27,7,3,2,6,0,0,2,0,0,0,0,15,13,0,0,79,80,0,0,76,0,0,0,0,0,0,0,1594,481,21,0,5,0,0,8,0,15,0,1,0,0,0,0,0,0,0,0,0,0,4596,0,1,280,0,4,0,147,0,0,0,0,3,1,0,0,66,1716,0,4,0,1,4744,0
101,1,0,330,2,5,0,0,14,0,0,0,7,1,0,0,0,20,44,3,0,69,0,0,0,0,1,0,0,26,162,0,0,245,409,0,4,8,0,1,0,0,147,0,3,51,5,0,0,0,0,0,22,0,14,0,5,0,0,0,0,0,0,0,2,0,2,118,4,0,3020,4,0,0,14,0,0,0,0,1,0,0,0,1,6675,0,2,0,1,2153,1
376,1,0,1211,21,7,0,0,120,0,0,0,3,2,0,0,0,19,10,0,0,29,0,0,0,0,2,0,0,21,20,0,0,111,1973,0,7,4,0,0,0,0,34,0,0,8,105,0,0,0,0,0,26,0,39,0,4,0,0,0,0,0,0,3,1,1,0,816,2,1,1103,0,0,0,8,0,0,0,0,3,1,0,0,3,4722,0,0,0,2,3860,0
215,0,0,998,0,8,0,0,32,0,0,0,6,2,0,0,0,4,0,0,0,0,0,0,1,0,0,0,0,2,191,0,0,719,1157,0,0,0,0,0,1,0,8,0,0,13,26,0,0,0,0,0,2,0,0,0,1,0,0,0,0,0,0,0,0,1,0,421,1,2,2797,0,0,3,0,0,0,0,0,0,6,0,0,0,4282,0,0,0,0,3979,0
77,0,4,1247,0,76,6,0,202,0,0,0,1,1,0,0,0,10,8,0,2,9,1,0,0,0,0,0,0,59,36,0,0,141,335,0,7,15,0,0,0,0,0,0,1,57,243,2,4,11,0,0,414,0,62,1,2,0,0,11,0,0,0,0,0,9,0,2608,0,0,533,0,1,1,29,0,0,0,0,16,0,0,1,5,1534,0,4,0,0,3590,0
71,0,0,712,3,222,8,0,184,0,0,0,2,14,0,0,0,17,2,0,1,5,1,0,3,0,0,0,0,44,23,0,0,63,787,0,9,41,30,0,1,0,6,0,0,153,463,5,2,3,0,0,100,0,48,0,0,0,0,7,0,0,0,0,0,0,0,4401,0,1,382,0,4,1,18,3,0,0,0,11,0,0,0,33,1504,1,5,0,0,3132,0
50,0,1,1319,0,26,0,0,474,1,0,0,0,0,0,0,0,6,1,0,0,0,0,0,0,0,0,0,0,8,12,0,0,91,20,0,0,80,19,0,2,0,2,0,1,129,259,3,0,8,0,0,28,0,50,0,1,0,0,24,0,0,0,0,0,0,1,3726,0,0,421,1,3,2,35,0,0,0,0,25,0,0,0,78,1602,0,15,0,1,3425,0
132,4,2,390,13,18,0,0,7,0,0,0,11,0,0,0,0,16,14,4,0,5,0,0,0,0,0,0,0,225,320,0,0,186,1558,0,1,21,1,1,0,0,0,0,0,94,4,0,0,1,0,0,1815,0,12,0,2,1,0,12,0,0,0,0,0,12,411,1206,0,1,3077,1,5,1,8,0,0,0,7,13,0,29,0,3,1765,1,3,0,0,1437,0
72,0,1,251,0,27,0,0,9,0,0,0,12,0,0,0,0,7,3,0,1,0,0,0,1,0,0,0,0,547,314,0,0,82,1153,0,0,31,0,0,0,0,0,0,0,37,4,0,0,0,0,0,2048,0,19,0,3,1,0,8,0,0,0,0,0,26,627,1066,1,0,577,0,6,0,1,0,0,0,0,16,1,23,0,1,1451,0,1,0,0,1788,0
520,15,0,101,17,39,0,0,4,0,0,0,17,0,0,0,0,5,97,3,1,9,0,0,0,0,15,0,0,355,630,0,0,196,1504,0,1,9,0,1,0,0,0,0,4,308,0,0,0,0,0,0,1963,0,3,0,2,0,0,0,0,0,0,0,0,1,505,143,1,0,1564,2,0,0,2,0,0,0,13,6,0,38,0,1,2132,2,0,1,1,923,0
209,1,0,619,3,71,0,0,24,0,0,0,5,0,1,0,1,17,14,0,5,1,0,0,0,0,0,0,0,1171,147,0,0,113,499,0,0,126,3,1,0,0,1,0,0,272,43,0,0,10,0,0,1500,0,46,0,6,6,0,44,0,0,0,0,0,37,252,3419,0,0,169,4,11,0,2,0,0,0,0,84,0,12,0,23,2305,11,2,0,3,2055,0
131,2,0,785,8,22,5,0,25,0,0,0,4,0,0,0,0,39,20,3,2,6,0,0,0,0,0,0,0,42,31,0,0,274,1811,0,0,13,0,0,0,0,0,0,3,9,119,0,0,1,0,0,50,0,23,0,2,0,0,5,0,0,0,0,0,0,1,2024,0,0,1519,0,1,0,3,0,0,0,0,4,0,0,0,4,1485,0,1,0,0,2379,0
84,3,0,266,6,87,0,0,4,0,0,0,4,0,0,0,0,13,6,0,2,1,0,0,0,0,0,0,0,101,86,0,0,272,1021,0,2,14,0,0,0,0,0,0,2,14,31,0,0,1,0,0,4041,0,13,0,2,0,0,0,0,0,0,0,0,1,130,2600,0,0,1217,0,0,2,0,0,0,0,0,6,0,1,0,1,1821,1,0,0,2,2039,0
115,16,1,342,42,78,1,0,9,1,0,0,13,0,0,0,1,22,25,1,8,6,0,0,3,0,4,0,0,257,156,0,0,289,1227,1,2,11,0,0,0,0,0,0,37,48,29,0,0,5,0,1,4521,0,45,0,3,1,0,0,0,0,0,3,0,3,198,693,1,0,874,0,0,0,1,0,0,1,0,9,1,0,0,1,2269,0,0,0,1,2021,0
85,0,0,521,1,59,2,0,20,0,0,0,0,0,0,0,0,31,4,0,6,1,0,0,1,0,0,0,0,132,34,0,0,162,1250,0,1,44,0,0,0,0,0,0,1,81,231,0,1,4,0,0,1647,0,31,0,1,0,1,0,0,0,0,0,1,0,6,3659,0,0,921,0,3,4,48,0,0,0,0,13,1,0,0,13,1489,0,0,0,4,1784,0
53,1,5,834,36,44,0,0,36,0,0,0,22,0,0,0,0,26,33,3,6,105,1,0,8,0,20,0,0,266,115,0,0,97,1317,0,48,23,1,0,0,0,0,0,11,158,13,0,0,0,0,0,362,0,8,0,5,0,0,0,0,0,0,1,1,3,21,682,0,3,1444,3,1,6,21,0,0,0,0,3,2,0,0,0,3349,2,0,0,5,2392,1
162,0,7,677,5,93,0,0,41,0,0,0,3,0,0,0,0,15,2,0,9,69,0,0,1,0,1,0,2,60,137,0,0,299,1895,0,3,16,2,0,0,0,2,0,0,57,17,3,0,2,0,0,1498,1,50,0,2,0,0,2,0,0,0,0,0,2,24,939,0,2,1690,0,0,26,10,0,0,0,0,31,1,0,0,7,2290,2,1,0,2,1975,2
148,1,0,424,2,95,0,0,32,0,0,0,13,0,0,0,1,11,4,0,14,9,0,0,1,0,2,0,0,229,121,0,0,186,1504,0,2,46,3,0,0,0,0,0,1,167,47,0,0,5,0,0,1157,0,58,0,1,0,0,12,0,0,0,0,0,3,15,910,0,0,1147,2,0,1,11,0,0,0,0,18,0,0,0,1,2923,0,0,0,1,2850,1
57,4,1,494,0,173,0,0,37,0,0,0,13,0,0,0,1,26,2,0,9,2,0,0,0,0,1,0,0,388,143,1,0,87,675,0,2,61,0,0,0,0,0,0,0,336,110,0,0,17,0,0,2441,0,84,0,0,0,0,24,0,0,0,0,0,21,78,3764,0,1,438,0,8,0,3,0,0,0,0,20,0,83,0,35,1234,0,7,0,0,1857,0
42,2,0,228,1,296,0,0,16,0,0,0,7,0,0,0,2,20,19,1,7,0,0,0,0,0,0,0,0,679,124,0,0,72,1209,0,2,89,0,0,0,0,0,0,1,204,48,0,0,5,0,0,2495,0,136,0,0,0,0,46,0,0,0,0,0,18,116,2560,0,0,328,2,10,0,4,0,0,0,0,23,2,104,0,54,680,0,4,0,0,2078,0
170,87,2,186,11,84,0,0,8,0,0,0,26,0,0,0,0,18,71,12,1,16,0,0,0,0,5,0,0,274,259,1,0,195,1769,0,8,34,0,2,0,0,0,0,8,60,5,1,0,0,0,0,3248,0,25,6,0,0,0,3,0,0,0,2,0,2,176,1299,5,0,834,3,0,1,4,0,0,0,0,5,0,5,4,2,1803,1,3,1,0,2445,0
54,11,0,391,1,99,0,0,23,0,0,0,5,0,0,0,3,10,5,0,1,1,0,0,0,0,0,0,0,316,80,0,0,109,517,0,1,53,0,0,0,0,0,0,3,217,69,0,0,12,0,0,2455,0,106,0,1,0,0,17,0,0,0,0,0,8,84,4123,0,0,499,0,8,0,4,0,0,0,0,7,0,2,0,49,1130,0,3,0,0,2496,0
178,9,0,674,3,118,0,0,121,0,0,0,5,0,0,0,0,17,13,1,2,3,0,0,2,0,1,0,0,226,154,0,0,62,736,0,0,33,8,0,0,0,0,0,12,199,68,0,0,5,0,0,4513,0,23,0,0,6,0,48,0,0,0,0,0,19,192,2486,0,2,651,0,9,2,4,0,0,0,0,56,2,4,0,4,1148,1,7,0,0,1867,0
128,12,0,523,3,44,0,0,95,0,0,0,3,0,0,0,0,24,26,4,0,11,0,0,0,0,2,0,0,55,112,0,0,79,464,0,8,27,12,0,0,0,0,0,13,288,227,0,0,8,0,0,281,0,17,0,0,0,0,9,0,0,0,0,0,2,7,3434,0,0,1448,1,15,0,13,0,0,0,0,33,0,2,0,37,1896,0,2,0,0,4091,0
38,7,0,1236,23,27,0,0,55,0,0,0,4,0,0,0,0,13,31,2,0,21,0,0,1,0,1,0,0,215,42,0,0,61,664,0,2,27,4,0,0,0,0,0,6,510,110,0,0,26,0,0,1139,0,39,0,0,0,0,6,0,0,0,0,0,4,28,4865,0,0,252,1,17,2,6,0,0,1,0,22,0,0,0,104,1258,3,0,0,1,2949,0
475,3,0,1009,6,56,3,0,23,0,0,2,6,0,0,0,0,13,4,0,2,6,0,0,0,0,3,0,0,358,118,0,0,145,520,0,0,45,82,0,0,0,0,0,1,485,69,0,0,6,0,0,2051,0,47,0,0,0,0,20,0,0,0,0,0,6,177,2239,0,0,768,2,1,2,10,0,3,0,0,20,0,0,0,14,1025,1,0,2,0,2564,0
36,0,0,236,10,62,0,0,13,0,0,0,11,0,0,0,0,29,1,0,20,0,0,0,0,0,0,0,0,740,212,0,0,85,1312,0,1,68,0,0,0,0,0,0,0,15,17,0,0,20,0,0,1407,0,106,0,0,0,0,23,0,0,0,0,0,56,33,2992,0,0,627,0,11,0,1,0,0,0,0,68,0,43,1,9,1078,0,0,0,0,2837,0
69,4,0,593,16,176,0,0,43,0,0,0,9,0,0,0,0,11,6,0,11,0,0,0,0,0,0,0,0,943,131,0,0,255,1019,0,0,31,0,0,0,0,0,0,0,132,91,0,0,22,0,0,1159,0,63,0,0,0,0,10,0,0,0,0,0,67,42,3079,0,3,282,0,6,0,1,0,0,0,0,117,0,23,0,27,750,0,3,0,0,2540,0
76,9,0,250,31,92,0,0,41,0,0,0,22,0,0,0,0,18,9,3,1,4,0,0,2,0,2,0,0,636,192,0,0,297,1298,0,3,39,0,0,0,0,0,0,9,108,29,0,0,9,0,0,1921,0,78,1,0,0,0,6,0,0,0,1,0,40,152,1935,0,0,275,2,11,2,0,0,0,0,0,52,0,22,0,18,1132,0,3,0,0,2584,0
84,1,0,570,3,83,0,0,25,0,0,0,15,0,0,0,0,19,3,0,4,5,0,0,0,0,0,0,0,495,163,0,0,204,626,0,1,75,0,0,0,0,0,0,0,134,54,0,0,12,0,0,960,0,64,0,1,0,0,17,0,0,0,0,0,17,18,2551,1,0,714,0,0,1,4,0,0,0,0,7,0,0,0,44,1429,0,0,0,0,1805,0
73,3,0,448,5,192,0,0,34,0,0,0,1,0,0,0,9,102,8,2,12,10,0,0,1,0,0,0,0,262,21,0,0,35,238,0,0,250,475,0,0,0,0,0,7,1144,191,0,0,17,0,0,895,0,91,2,2,1,1,29,2,0,0,0,0,6,11,3458,0,3,121,22,30,1,129,0,0,0,0,21,3,6,0,39,1348,3,3,0,1,2503,0
148,23,0,707,26,75,0,0,7,0,0,0,17,0,0,0,2,19,7,1,14,8,0,0,2,0,0,0,0,121,82,0,0,125,349,0,2,47,58,0,0,0,0,0,2,621,28,0,0,2,0,0,919,0,47,0,4,5,0,8,0,0,0,2,0,23,53,1647,0,0,500,5,3,2,13,0,0,0,0,22,0,2,0,16,2234,2,5,0,3,1966,0
529,3,0,412,3,132,0,0,18,0,0,0,14,0,0,0,1,21,8,0,3,9,0,0,1,0,0,0,0,357,58,0,0,119,433,0,1,78,68,0,0,0,0,0,1,405,23,0,0,6,0,0,2219,0,41,1,5,2,0,22,0,0,0,0,0,15,56,1451,1,0,551,2,7,0,11,0,0,0,0,13,0,4,0,23,1273,0,1,0,1,1254,0
28,2,1,580,11,224,0,0,61,0,0,0,15,0,0,0,0,55,49,1,3,4,0,0,0,0,0,0,0,1916,113,0,0,72,1129,0,2,90,2,4,0,0,0,0,1,710,90,0,1,15,0,0,2040,0,55,0,29,13,0,64,0,0,0,1,0,38,245,1354,0,0,369,5,0,0,5,0,0,0,0,26,0,0,0,103,799,9,2,0,0,1775,0
57,1,1,1217,4,77,0,0,53,0,0,0,12,0,0,0,0,38,13,0,1,2,0,0,0,0,1,0,0,767,106,0,0,91,1973,0,2,75,8,0,0,0,0,0,2,654,89,0,0,9,0,0,396,0,54,0,0,0,0,7,0,0,0,0,0,11,75,1829,0,1,636,4,3,0,10,0,0,0,0,18,0,0,0,72,1090,4,3,0,0,2068,1
93,9,2,532,34,317,0,0,12,0,0,0,7,0,0,0,0,9,13,0,0,44,0,0,2,0,0,0,0,133,151,0,0,228,1668,0,5,13,0,0,0,0,0,0,5,71,19,0,0,5,0,0,219,0,11,0,0,1,0,6,0,0,0,0,0,18,160,2068,0,0,850,2,0,0,9,0,0,0,0,16,0,0,2,9,1581,7,0,0,1,2079,0
116,17,1,315,7,60,0,0,13,0,0,0,4,0,0,0,0,5,15,2,2,2,0,0,0,0,0,0,0,148,230,0,0,339,2012,0,0,0,0,0,0,0,0,0,6,22,2,0,0,2,0,0,990,0,23,0,0,0,0,1,0,0,0,0,0,2,37,1063,0,3,1354,0,0,0,0,0,0,0,0,3,0,0,1,11,2704,0,0,0,0,1143,0
106,0,1,397,6,155,0,0,52,0,0,0,6,0,0,0,1,52,9,1,6,16,0,0,1,0,0,0,0,76,61,1,0,221,861,0,0,25,3,0,0,0,0,0,0,111,57,0,0,6,0,0,1349,0,48,0,0,0,0,5,0,0,0,0,0,7,137,3080,0,0,1335,1,5,0,17,0,2,0,0,4,0,0,0,4,2362,0,0,0,0,1297,0
30,0,0,673,1,185,0,0,71,0,0,0,1,0,0,0,2,106,2,1,4,2,0,0,0,0,0,0,0,309,34,0,0,40,106,0,1,126,216,0,0,0,0,0,0,1603,357,0,0,15,0,0,221,0,178,0,0,0,0,14,0,0,0,0,0,7,49,3598,0,0,228,26,40,0,104,0,0,0,0,17,0,2,0,60,1433,2,1,0,0,1990,0
60,4,0,293,9,104,0,0,8,0,0,0,28,0,0,0,0,23,2,0,8,4,0,0,0,0,0,0,0,235,116,0,0,293,1532,0,2,46,7,0,0,0,0,0,4,89,3,0,0,0,0,0,3333,0,147,0,0,6,0,10,0,0,0,0,0,23,278,1389,0,2,618,1,0,0,4,0,1,0,0,21,1,12,0,1,1484,0,0,0,0,1087,0
44,0,0,347,8,83,0,0,42,0,0,0,18,0,0,0,0,56,3,0,4,1,0,0,0,0,0,0,0,886,50,0,0,111,507,0,0,95,4,0,0,0,0,0,0,520,76,0,0,7,0,0,1919,0,216,0,5,4,0,31,0,0,0,0,0,24,116,3151,0,0,411,4,3,0,15,0,0,0,0,26,0,4,0,33,1334,3,3,1,0,1898,0
339,0,0,320,9,202,0,0,129,0,0,0,12,0,0,0,5,149,13,1,5,2,0,0,0,0,0,0,0,732,64,0,0,54,234,0,0,114,74,4,0,0,0,0,0,1037,129,0,0,4,0,0,2505,0,77,1,16,15,0,46,0,0,0,0,0,48,143,3645,0,0,240,78,4,0,42,0,0,0,0,8,0,50,0,32,896,26,1,0,1,1284,0
227,1,0,156,6,225,0,0,13,0,0,0,21,0,0,0,0,9,3,1,2,0,0,0,0,0,0,0,0,302,99,0,0,167,2120,0,0,30,1,1,0,0,0,0,0,26,10,0,0,2,0,0,2670,0,38,1,1,0,0,5,0,0,0,0,0,25,389,1574,0,6,872,0,0,0,4,0,0,0,0,10,3,29,0,3,929,0,0,0,0,1039,0
293,0,0,346,21,65,0,0,21,0,0,0,6,0,0,0,2,2,2,0,0,1,0,0,0,0,0,0,0,209,131,0,0,204,1554,0,0,49,5,0,0,0,0,0,1,46,5,0,0,0,0,0,1684,0,26,0,10,0,0,9,0,0,0,0,0,20,246,1353,0,0,755,1,5,0,5,0,0,0,0,3,0,3,0,1,1696,0,1,1,0,1508,0
521,4,0,124,23,173,0,0,18,0,0,0,21,0,0,0,1,6,10,0,2,1,0,0,0,0,0,0,0,65,94,0,0,225,1963,0,0,24,1,0,0,0,0,0,0,25,3,0,0,0,0,0,1321,0,25,4,3,0,0,2,0,0,0,0,0,12,330,1053,0,0,908,1,0,0,1,0,0,0,0,7,0,10,0,0,1772,0,0,1,0,1160,0
40,2,0,533,14,580,0,1,43,0,0,0,3,0,0,0,14,40,9,1,5,3,0,0,20,0,2,0,0,1147,37,0,0,40,533,0,0,110,30,3,1,0,0,0,0,393,163,0,0,33,287,0,2204,0,19,0,3,11,0,61,0,0,0,0,0,108,44,2926,0,0,305,15,1,0,32,0,0,0,0,23,0,0,0,49,300,2,2,0,4,1109,1
66,1,0,601,15,115,0,0,33,0,0,0,4,0,0,0,0,5,3,0,9,8,0,0,0,0,0,0,0,352,121,0,0,198,1643,0,0,31,1,1,0,0,0,0,1,90,32,0,0,12,23,0,2880,0,41,0,8,5,0,30,0,0,0,0,1,31,105,3109,0,1,1283,2,0,0,0,0,0,0,0,14,2,1,0,26,1112,0,0,0,2,1407,2
43,1,0,688,5,115,1,0,64,0,0,1,4,0,0,0,3,11,1,1,4,4,0,0,0,0,0,1,0,353,68,0,0,186,1171,0,0,94,9,0,0,0,0,0,0,123,46,0,1,5,18,0,3203,0,22,0,4,5,0,17,0,0,0,2,0,18,65,2565,0,0,1041,0,6,0,3,0,0,0,0,26,0,0,0,13,943,0,4,0,0,1532,0
26,6,0,281,1,118,2,0,30,0,0,0,9,0,0,0,1,6,3,0,6,1,0,0,4,0,2,0,0,721,89,0,0,185,849,0,0,68,0,0,0,0,0,0,1,149,27,0,0,10,7,0,5285,0,48,0,14,20,0,30,0,0,0,0,0,29,319,1789,0,4,654,2,7,1,0,0,0,0,0,60,0,0,0,18,796,0,0,0,3,1153,0
75,6,1,181,26,31,0,1,1,0,0,0,11,0,0,0,0,11,5,2,0,51,0,0,0,0,0,0,0,49,84,0,0,237,1971,0,12,10,0,0,0,0,0,0,1,32,3,0,0,1,0,0,372,0,16,0,2,0,0,0,0,0,0,0,0,1,105,268,1,2,2683,0,0,0,14,0,0,0,0,2,0,0,0,0,1507,1,0,0,0,859,0
85,52,8,133,70,28,0,0,0,2,0,0,17,0,0,0,0,5,28,5,0,138,0,0,0,0,4,0,0,95,121,0,0,191,910,0,8,16,0,0,0,0,0,0,8,178,0,0,0,0,0,0,1542,0,4,0,3,0,0,1,0,0,0,1,0,2,144,79,0,0,1269,2,0,0,51,0,6,0,0,0,0,1,0,2,1504,5,1,1,1,443,0
113,19,0,177,11,91,0,0,1,0,0,0,27,0,0,0,0,4,14,1,0,6,0,0,0,0,0,0,0,470,156,0,2,304,2317,0,0,18,0,0,0,0,0,0,3,93,3,0,0,0,0,0,876,0,14,0,0,0,0,3,0,0,0,0,0,9,335,390,0,0,2372,0,0,0,4,0,0,0,0,6,0,3,0,4,1352,0,0,0,0,694,0
69,0,0,309,3,73,0,0,15,0,0,0,8,0,0,0,0,20,3,0,2,1,0,0,0,0,0,0,0,230,69,0,0,149,1376,0,1,45,9,0,0,0,0,0,0,232,23,0,0,1,0,0,874,0,66,0,0,2,0,2,0,0,0,0,0,5,94,2543,0,0,805,1,4,0,19,0,1,0,0,3,0,2,0,7,2215,0,1,0,0,1352,0
83,3,0,724,4,32,1,0,69,0,0,0,2,7,0,0,4,34,0,1,3,6,0,0,0,0,1,0,0,17,59,0,0,203,326,0,2,30,30,0,0,0,0,0,0,556,144,0,0,4,0,0,900,0,38,0,0,0,0,7,0,0,0,0,0,4,4,3414,0,2,1084,3,2,0,8,0,0,0,0,28,1,0,0,24,2080,0,1,1,0,2573,0
95,27,2,435,13,29,2,0,22,0,0,0,7,1,0,0,9,12,5,0,2,16,0,0,1,0,3,0,0,45,121,0,0,207,650,0,37,26,20,0,0,0,0,0,12,303,46,0,1,4,0,0,1151,0,32,0,0,0,0,7,0,0,0,0,0,6,26,1015,0,1,956,3,1,0,6,0,0,0,0,19,1,0,0,7,2310,0,1,2,0,1395,0
98,9,0,334,5,135,2,0,83,0,0,0,6,0,0,0,6,11,0,0,0,2,0,0,0,0,1,0,0,95,63,0,0,252,1076,0,5,13,20,0,0,0,0,0,8,284,91,0,1,6,0,0,1747,0,20,0,0,0,0,9,0,0,0,0,0,5,21,3625,0,0,1106,3,6,0,7,0,0,0,0,36,0,0,0,15,2011,0,2,1,0,1840,0
70,0,0,362,5,434,0,2,55,0,0,0,8,0,0,0,1,39,2,1,3,0,0,0,11,0,0,0,0,422,32,0,0,105,1525,0,0,28,30,0,0,1,0,0,0,868,216,20,3,8,0,0,52,0,18,0,2,0,0,19,0,0,0,0,0,13,2,2776,0,0,37,2,0,0,31,0,0,0,0,25,0,0,0,23,752,0,0,0,0,2056,0
69,0,0,468,2,244,0,0,103,1,0,0,15,0,0,0,1,29,12,1,1,0,0,0,11,0,1,1,0,626,75,0,0,165,223,0,3,75,35,0,0,0,0,0,0,560,242,0,1,23,0,0,195,0,40,0,57,12,0,20,1,0,0,0,0,28,31,3904,0,0,601,14,6,0,21,0,0,0,0,39,0,51,2,75,1452,2,2,0,3,1918,0
71,0,0,848,1,203,0,0,102,1,0,0,25,0,0,0,1,20,0,0,4,0,1,0,0,0,1,3,0,82,84,0,0,89,132,0,1,53,36,0,0,0,0,0,0,638,261,7,0,3,0,0,2332,0,29,0,0,0,0,10,0,0,0,0,0,0,4,4039,0,1,571,3,1,0,34,0,0,0,0,4,1,0,0,32,2271,0,1,2,2,3644,0
377,5,0,418,10,129,1,3,161,0,0,0,7,1,0,0,4,15,6,0,5,3,0,0,6,0,0,0,0,296,128,0,0,277,250,0,2,57,23,0,0,0,0,0,0,277,234,0,1,11,0,0,181,0,117,0,9,1,0,21,0,0,0,0,0,19,54,3229,0,1,167,2,4,0,17,0,0,0,0,33,3,0,0,42,2473,1,0,1,0,4583,0
915,6,0,431,9,329,0,0,89,0,0,0,15,0,0,0,2,26,18,0,11,1,0,0,4,0,0,0,0,1147,114,0,0,116,541,0,2,74,18,1,0,0,0,0,0,750,217,0,0,37,0,0,1922,0,152,0,45,4,0,41,0,0,0,0,0,38,447,2742,0,4,60,1,8,0,8,0,0,0,0,73,0,1,0,78,1175,5,0,0,0,2936,0
338,22,1,1480,14,27,2,0,236,0,0,0,3,1,0,0,1,25,14,6,4,21,0,0,4,0,1,0,0,410,187,0,0,111,341,0,1,54,34,0,0,0,0,0,0,685,271,0,0,8,0,0,151,0,71,0,21,2,0,25,0,0,0,3,1,27,30,2030,0,2,80,2,4,0,23,0,0,0,0,101,1,0,0,35,3331,2,5,0,3,4096,0
424,9,0,1131,13,162,0,0,122,0,0,0,12,0,0,0,0,36,9,1,11,3,0,0,1,0,0,0,0,1124,152,0,0,104,533,0,0,113,18,0,0,0,0,0,0,678,258,2,1,32,0,0,337,0,164,0,38,4,0,30,0,0,0,0,0,21,154,3257,1,0,192,12,10,0,15,0,0,0,0,71,0,0,1,176,1407,7,1,1,0,3994,0
260,46,0,745,27,42,0,0,0,0,0,0,80,0,0,0,1,10,11,1,3,4,0,0,0,0,2,3,0,492,478,0,0,538,2445,0,2,14,0,0,0,1,0,0,31,205,1,0,0,2,0,0,3992,0,31,1,21,0,0,2,0,0,0,0,2,8,124,162,0,5,543,1,0,0,1,0,0,0,0,6,3,8,0,5,1808,3,1,1,0,849,0
389,0,0,356,34,359,0,0,1,0,0,0,30,0,0,0,0,2,13,0,2,0,0,0,0,0,0,8,0,1025,155,0,0,187,1536,0,4,52,0,0,0,0,0,0,1,153,2,0,0,0,0,0,2393,0,143,2,54,2,0,25,0,0,0,0,0,17,532,1140,0,0,331,9,1,0,0,0,0,0,0,35,2,49,0,15,1378,1,0,1,0,1427,0
343,1,0,596,47,118,0,0,16,0,0,0,24,0,0,0,0,7,4,0,7,1,0,0,0,0,1,0,0,790,140,0,0,269,1903,0,0,63,0,0,0,0,0,0,7,152,3,0,0,2,0,0,2407,0,46,0,55,1,0,44,0,0,0,1,0,3,503,1781,0,2,504,2,8,0,3,0,0,0,0,44,0,124,0,13,1186,0,2,0,0,1482,0
123,1,0,731,1,20,0,0,8,0,0,0,13,0,0,0,0,11,3,0,3,2,0,0,0,0,0,0,0,304,420,0,0,225,3174,0,2,9,0,0,0,0,0,0,3,34,2,0,0,2,0,0,450,0,74,0,12,0,0,3,0,0,0,4,0,16,14,1156,0,2,855,0,0,0,1,0,0,0,0,3,0,0,0,26,2644,0,0,0,0,1787,0
69,0,0,1174,0,33,1,0,198,0,0,0,0,0,0,0,0,32,1,0,5,21,0,0,0,0,1,0,0,17,85,0,0,102,305,0,1,109,34,0,0,0,0,0,1,55,326,0,0,15,0,0,351,0,56,0,0,0,0,12,0,0,0,0,0,0,4,4424,0,0,1089,0,7,0,43,0,0,0,0,15,0,0,0,59,2237,0,0,0,0,3207,0
133,24,0,1056,10,130,6,0,246,0,0,0,17,0,0,0,0,26,38,3,5,13,1,0,0,0,3,0,0,397,93,0,0,275,798,0,3,64,0,0,0,0,0,0,10,129,238,0,0,11,0,0,1057,0,86,0,0,0,0,0,0,0,0,0,0,0,111,3070,0,1,534,0,0,0,4,0,0,0,0,18,0,0,1,23,1806,0,0,0,0,2402,0
110,4,0,1757,0,291,2,0,240,0,0,0,2,0,0,0,2,16,15,2,2,1,0,0,1,0,0,0,0,87,65,0,0,361,142,0,2,84,0,0,0,0,0,0,3,65,327,0,0,37,0,0,477,0,46,0,0,0,0,8,0,0,0,0,0,16,39,3307,1,2,743,0,15,0,16,0,0,0,0,16,0,0,0,55,1526,0,1,0,0,2745,0
71,0,0,2345,1,15,1,0,99,0,0,0,0,0,0,0,0,16,0,0,0,7,0,0,0,0,0,0,0,13,22,0,0,89,48,0,1,152,76,0,0,0,0,12,1,665,371,0,0,3,0,0,39,0,37,0,0,0,0,3,0,0,0,0,0,0,1,2696,0,0,976,0,10,0,16,0,0,0,0,13,1,0,0,73,2296,0,5,0,0,3040,0
72,0,0,1477,3,51,0,0,57,0,0,0,5,0,0,0,0,18,4,2,9,6,0,0,0,0,0,0,0,212,72,0,0,139,844,0,2,28,0,0,0,0,0,0,0,173,49,0,0,12,0,0,1528,0,60,0,1,0,0,14,0,0,0,0,0,11,2,2859,0,0,606,0,0,0,9,0,0,0,0,82,0,0,0,4,1457,0,0,0,0,2901,0
124,0,0,1161,3,14,0,0,75,0,0,0,5,0,0,0,3,23,2,0,5,2,0,0,0,0,0,0,0,126,58,0,0,233,680,0,2,28,0,0,0,0,0,0,1,104,44,0,0,8,0,0,1631,0,67,0,0,0,0,18,0,0,0,0,0,13,29,2180,1,0,863,0,0,0,3,0,0,0,0,80,0,0,0,9,1950,0,0,0,0,2484,0
25,0,0,562,0,272,0,0,46,0,0,0,15,0,0,0,3,32,0,0,7,1,0,0,0,0,0,0,0,257,12,0,0,112,513,0,0,71,0,0,0,0,0,0,0,179,47,0,0,6,0,0,3585,0,71,0,0,0,0,25,0,0,0,0,0,39,37,3060,0,4,249,0,1,0,5,0,0,0,0,13,3,0,0,4,1049,0,3,1,0,1466,0
61,0,0,942,4,151,0,0,51,0,0,0,35,0,0,0,1,25,4,1,12,0,0,0,0,0,0,0,0,342,61,0,0,195,1739,0,2,54,0,0,0,0,0,8,0,227,39,0,1,14,0,0,1841,0,82,0,0,0,0,31,0,0,0,0,0,25,252,1621,0,0,773,0,0,0,6,0,0,0,0,13,2,0,0,3,1340,0,0,0,0,1908,0
70,3,0,658,0,171,1,0,106,0,0,0,0,0,0,0,2,17,1,0,4,6,0,0,1,0,0,0,0,11,105,0,0,202,445,0,2,50,30,0,0,0,0,0,0,7,93,0,0,11,0,0,1676,0,22,1,0,0,0,14,0,0,0,0,0,3,35,3113,0,1,1249,0,0,1,5,0,0,0,1,16,0,0,0,9,2264,0,2,1,0,1743,0
57,13,1,811,1,25,1,0,363,0,0,0,0,0,0,0,3,7,1,0,1,6,1,0,7,0,0,0,0,43,48,0,0,104,112,0,1,49,58,0,0,0,0,0,0,26,283,0,0,15,0,0,200,0,32,0,0,0,0,55,0,0,0,0,0,33,6,3895,0,0,123,0,1,0,12,0,0,0,0,56,0,0,0,20,2146,0,2,0,0,2371,0
118,11,3,1004,2,26,7,0,190,0,0,0,0,0,0,0,2,28,15,5,5,2,0,0,3,0,0,0,0,26,290,0,0,244,264,0,3,139,25,0,0,0,0,2,0,15,51,0,0,40,0,0,1324,0,55,0,0,0,0,14,0,0,0,1,1,42,4,741,0,1,1876,0,5,0,13,0,0,0,0,44,2,0,0,75,2620,2,3,1,0,1962,0
53,4,0,492,1,107,3,0,84,0,0,0,0,0,0,0,3,28,3,0,1,4,0,0,5,0,0,0,0,67,82,0,0,86,171,1,0,44,45,0,0,0,0,0,0,19,188,0,0,15,0,0,1526,0,40,0,15,0,0,28,0,0,0,0,1,40,36,4848,0,1,241,0,1,0,19,0,0,1,0,30,2,0,0,12,1890,0,3,1,1,2150,0
66,0,1,512,2,72,1,1,206,0,0,0,4,0,0,0,0,18,3,0,3,1,0,0,0,0,0,0,0,18,60,0,0,105,144,0,0,36,0,0,0,0,0,0,3,39,223,0,0,17,0,0,61,0,52,0,0,1,0,22,0,0,0,0,0,9,7,4181,0,0,596,0,3,0,22,0,0,0,0,23,2,0,0,7,2872,0,3,2,0,3175,0
69,2,0,833,0,71,3,0,214,0,0,0,0,0,0,0,0,20,2,0,2,0,0,0,2,0,0,0,0,14,78,0,0,123,378,0,0,25,0,0,0,0,0,0,0,14,90,0,0,9,0,0,12,0,47,0,0,0,0,2,0,0,0,0,0,11,8,2682,0,1,1151,0,2,0,13,0,0,0,0,24,5,0,0,9,3037,0,0,1,1,2556,0
42,0,0,598,2,218,1,2,136,0,0,0,2,1,0,0,1,30,2,0,2,1,1,0,4,0,0,0,0,81,79,0,0,65,395,0,2,30,0,0,0,0,0,0,0,42,216,0,0,16,0,0,17,0,60,0,1,0,0,44,0,0,0,0,1,16,14,4624,0,0,520,0,11,1,36,0,0,0,0,12,1,0,0,22,1980,0,3,0,1,2190,0
107,0,0,1279,2,33,4,0,273,0,0,0,2,0,0,0,0,30,0,1,7,2,1,0,1,0,0,0,0,20,131,0,0,193,356,0,5,139,0,0,0,0,0,0,1,289,76,0,0,16,0,0,33,0,101,0,0,0,0,5,0,0,0,0,1,12,0,3712,0,2,1113,0,10,0,20,0,0,0,0,13,0,0,0,57,3354,0,3,0,0,2988,0
177,24,17,382,46,134,0,0,5,6,0,1,30,0,0,4,0,19,82,44,1,95,1,0,0,0,7,0,0,199,388,1,0,455,920,0,7,14,4,3,0,1,1,0,14,164,17,1,0,2,0,0,378,1,14,3,2,3,0,0,0,0,0,4,0,3,133,291,5,0,1363,8,0,0,16,0,0,0,17,8,0,6,2,0,5706,9,0,1,7,1152,1
184,9,1,505,30,34,0,1,11,2,0,0,12,0,0,1,0,10,21,8,1,101,1,0,0,0,2,0,0,51,454,0,0,394,2183,0,6,11,0,0,0,0,7,0,5,86,12,0,0,0,0,0,288,2,7,0,0,1,0,0,0,0,0,1,0,0,18,676,3,4,1401,0,1,0,4,1,0,0,0,4,0,0,0,5,4682,0,0,0,0,1312,0
76,3,0,729,8,81,0,0,46,0,0,0,16,0,0,0,4,38,14,0,14,3,0,0,0,0,0,0,0,155,129,0,0,108,1727,0,6,31,11,0,0,0,0,0,5,118,20,0,0,9,0,0,1113,0,93,0,2,8,0,15,0,0,0,0,0,27,65,2684,0,0,1013,5,1,0,15,0,0,0,0,14,0,17,0,5,1928,0,3,1,2,1822,0
88,0,0,426,9,58,0,0,80,0,0,0,6,0,0,0,2,36,25,0,1,1,0,0,0,0,0,0,0,86,97,0,0,132,880,0,7,25,1,0,0,0,0,0,7,53,63,0,0,8,0,0,497,0,42,0,1,1,0,7,0,0,0,0,0,24,37,3068,0,0,502,0,0,0,5,0,0,0,0,14,0,4,0,4,3690,0,2,2,0,3143,0
52,0,0,484,1,8,0,0,175,0,0,0,0,0,0,0,0,20,0,1,0,3,0,0,0,0,0,0,0,2,62,0,0,61,489,0,0,41,13,0,0,0,0,0,0,88,64,0,0,7,0,0,103,0,27,0,0,0,0,1,0,0,0,0,0,1,2,3401,2,0,722,0,1,0,35,0,0,0,0,9,0,0,0,9,4545,0,0,0,0,3040,0
32,0,0,401,2,178,0,0,79,0,0,0,3,0,0,1,2,38,2,0,10,2,0,0,0,0,0,0,0,125,69,0,0,88,355,0,0,77,43,0,0,0,0,0,0,129,107,0,0,22,0,0,830,0,88,0,0,0,0,18,0,0,0,0,0,22,35,4450,0,0,192,0,0,0,32,0,0,0,0,9,0,1,0,15,2681,0,2,0,0,2331,0
142,0,0,326,9,740,0,0,13,0,0,0,22,0,0,0,0,6,7,0,2,1,0,0,0,0,42,0,0,438,512,0,0,564,1428,0,0,10,0,0,0,0,0,0,0,20,1,0,0,1,0,0,986,0,41,1,0,0,0,0,0,0,0,0,0,7,209,2585,0,6,1166,1,2,0,1,0,0,0,0,7,0,27,0,6,1513,0,8,2,0,1436,0
54,1,0,366,7,147,0,0,110,0,0,0,3,0,0,1,2,25,3,0,3,0,0,0,2,0,11,0,0,168,159,0,0,177,1141,0,1,12,0,0,0,0,1,1,1,17,96,0,0,3,0,0,324,0,55,0,3,1,0,4,0,0,0,1,0,18,237,3253,0,2,363,0,2,0,2,0,0,0,0,18,3,2,0,24,2414,0,2,0,0,2414,0
78,1,0,327,11,269,0,0,26,0,0,0,18,0,0,1,0,13,7,0,5,0,0,0,0,0,21,0,0,213,353,0,0,196,1181,0,3,14,3,0,0,0,0,0,1,34,12,0,1,3,0,0,892,0,25,0,2,2,0,8,0,0,0,3,0,23,425,2211,0,0,242,0,1,0,1,0,0,0,0,44,0,25,0,39,2609,0,1,0,0,2663,0
72,0,0,376,5,170,0,0,47,0,0,0,4,0,0,3,0,14,2,0,4,0,0,0,0,0,0,0,0,222,241,0,0,138,1476,0,0,18,5,0,0,0,0,0,0,21,97,0,0,7,0,0,185,0,27,0,1,0,0,12,0,0,0,0,0,7,92,3574,0,0,117,0,0,0,1,0,0,0,0,24,0,2,0,27,2812,0,0,0,0,2309,0
88,0,0,327,22,243,0,0,49,1,0,0,3,0,0,1,2,10,2,1,0,4,0,0,0,0,0,0,0,493,111,0,0,376,2514,0,4,21,0,0,0,0,0,0,0,40,57,0,0,5,0,0,4,0,25,0,0,0,0,20,0,0,0,0,0,27,12,2342,0,0,878,0,4,0,17,0,0,1,0,5,0,0,0,2,1045,0,0,0,0,1619,0
102,0,0,691,8,414,0,0,76,1,0,0,5,0,0,0,4,40,8,0,2,5,0,0,0,0,0,0,0,317,88,0,0,215,2344,0,2,22,1,0,0,0,0,0,0,25,63,0,0,12,0,0,3,0,56,0,0,0,0,18,0,0,0,0,0,55,15,4478,0,0,287,0,1,0,23,0,0,0,0,11,0,0,0,5,1589,0,0,0,0,2367,0
151,0,0,784,15,101,0,0,34,0,0,0,3,0,0,0,3,27,5,2,0,17,0,0,0,0,0,0,0,442,287,0,0,478,3505,0,4,21,2,0,0,0,0,0,12,28,24,0,0,6,0,0,121,0,64,0,0,0,0,7,0,0,0,0,0,19,36,1434,0,0,1070,1,4,0,3,0,0,0,0,6,0,1,0,7,1156,0,1,0,1,3165,0
88,0,0,828,1,97,0,0,89,0,0,0,1,0,0,0,2,49,0,0,7,1,0,0,0,0,0,0,0,562,66,0,0,212,1169,0,0,55,4,0,0,0,0,0,2,15,106,0,0,19,0,0,125,0,178,0,0,0,0,22,0,0,0,2,0,44,8,4814,0,0,400,0,1,0,13,0,0,0,0,8,0,0,1,22,1078,0,0,0,0,3422,0
