4984,0,0,0,0,0,136,4,0,0,2163,0,109,0,53,0,7,0,425,1,0,2,0,0,0,0,0,0,0,0,180,1,0,1,0,4,0,0,0,0,0,0,0,0,0,0,4,0,3,0,0,2,2,1,0,0,0,0,0,0,0,0,0,0,0,1,0,0,0,38,0,0,1,0,0,0,0,0,0,1,0,56,0,0,0,2,54,0,1,1,49,1,6,7,910,0,0,0,4,1,1,1,0,0,0,0,15,1369,12,0,10,0,0,0,0,0,0,46,4,0,0,0,0,0,0,0,0,0,0,0,0,0,0,0,0,0,0,0,0,0,0,0,0,0,0,0,0,0,0,0,0,0,0,0,0,26,0,0,0,1,0,0,0,0,0,0,0,0,0,0,0,0,0,0,0,0,0,0,0,0,0,0,0,0,0,0,0,0,0,0,0,0,0,0,15,0,0,0,0,1,0,0,0,3,0,4,0,2
4589,0,6,4,1,1,1994,4,0,2,87,3,638,2,55,0,0,0,612,2,0,1,0,0,0,0,0,3,0,0,311,26,6,5,0,1,4,0,0,0,0,0,0,0,0,2,43,5,154,7,0,9,16,0,23,0,0,0,2,2,0,1,2,0,1,6,0,0,5,62,2,1,17,0,0,30,6,0,0,4,0,59,0,0,2,50,14,0,5,0,26,1,5,1,2540,0,0,16,2,37,23,0,9,9,0,5,0,586,165,0,26,0,7,3,0,4,0,20,28,1,0,1,0,0,0,1,4,0,0,0,0,0,0,0,0,2,3,1,4,0,4,0,0,0,0,1,0,0,0,5,0,0,4,0,0,0,0,0,2,1,3,0,0,0,0,1,0,0,1,0,1,0,0,0,0,0,0,0,4,0,0,0,1,0,0,0,0,0,0,0,0,0,0,0,1,0,0,0,0,1,0,10,0,0,0,12,2,0
6666,0,0,8,26,0,549,7,5,2,41,0,139,0,88,0,9,0,1038,0,0,0,0,0,0,0,0,2,0,0,302,0,0,0,0,6,2,0,0,0,0,0,0,0,0,0,0,0,21,0,0,2,2,0,0,0,0,0,0,1,0,0,0,0,9,0,0,0,3,41,0,0,3,0,0,4,0,0,0,1,0,141,0,1,0,12,142,0,0,0,52,0,7,0,1802,0,0,12,9,0,4,0,1,6,0,0,0,2368,52,0,7,0,1,0,1,0,0,312,2,0,0,0,0,0,0,0,0,0,0,0,0,0,0,0,0,0,0,0,0,0,0,0,0,0,0,0,0,0,0,2,0,0,0,0,0,1,0,0,1,1,0,0,0,0,1,0,0,0,0,0,0,0,0,0,0,0,0,0,0,0,0,0,0,0,0,0,0,0,0,0,0,0,0,0,0,0,0,0,0,0,0,0,0,5,0,1,0,0
6745,0,0,0,8,0,491,8,0,0,875,0,87,0,43,0,238,0,726,10,0,0,0,0,0,0,0,0,0,0,187,8,1,2,0,11,6,0,0,0,0,0,0,0,0,1,5,0,22,0,0,6,6,0,0,0,0,0,0,0,0,0,0,0,0,1,1,0,0,23,0,3,1,0,0,1,1,0,0,2,0,45,1,0,0,17,135,0,1,1,114,3,4,2,1799,0,0,7,140,3,14,1,3,5,0,0,0,1212,20,0,186,0,5,1,0,1,0,143,6,0,0,0,0,0,0,0,0,0,0,0,0,0,0,0,0,0,0,0,0,0,2,0,0,0,0,0,0,0,0,0,0,0,0,0,0,34,0,0,1,7,1,0,0,0,0,0,0,0,0,0,0,0,0,0,0,0,0,0,0,0,0,0,0,0,0,0,0,0,0,0,0,0,1,0,0,0,0,0,0,2,22,2,0,2,1,10,1,0
8262,0,0,0,0,0,207,17,0,0,144,0,87,0,261,0,7,0,729,4,0,16,0,0,1,0,0,0,0,0,82,3,0,0,0,36,0,0,0,0,0,0,0,0,1,0,0,0,7,0,0,1,1,0,28,0,0,0,0,0,0,0,0,0,0,0,2,0,0,522,0,0,0,0,0,0,2,0,0,1,0,77,0,0,0,7,188,0,1,0,251,1,10,0,849,0,0,0,202,1,2,0,0,4,0,0,465,454,22,1,12,0,0,0,0,0,0,298,11,0,0,0,0,0,0,0,0,0,5,0,46,0,0,0,0,0,0,0,0,0,0,36,0,0,0,0,0,0,0,0,0,0,0,0,19,108,9,0,0,1,0,0,0,1,2,0,0,0,0,0,1,0,0,58,0,1,0,0,0,0,0,33,0,0,1,0,0,0,0,0,0,0,0,0,3,0,4,0,0,0,9,1,0,18,0,123,0,0
8048,0,0,0,0,1,416,16,0,0,1368,0,87,0,185,0,21,0,787,13,0,9,0,0,0,0,0,0,0,0,138,4,0,0,0,29,3,0,0,0,0,0,5,0,0,1,0,0,10,2,0,5,8,0,63,0,0,0,0,0,0,0,0,0,0,0,2,0,0,929,0,3,6,0,0,0,1,0,0,4,0,56,0,0,1,32,121,0,0,0,299,4,6,3,913,0,0,0,131,1,1,0,8,3,0,1,248,412,43,0,40,1,0,0,0,0,0,204,19,0,3,0,0,0,0,3,0,0,0,0,35,0,0,0,0,0,0,0,0,5,7,125,0,0,0,0,0,0,0,0,0,0,0,0,24,34,5,0,0,3,0,0,0,0,0,0,0,0,0,0,0,1,0,94,0,0,0,0,0,0,0,58,0,0,3,0,1,0,2,0,1,0,0,0,85,0,8,0,0,0,8,0,0,15,1,158,2,0
7817,0,0,3,0,0,163,1,0,0,14,1,67,0,132,0,3,3,2858,23,0,10,0,0,0,0,0,1,0,0,185,6,0,2,0,9,0,0,0,0,0,0,1,0,0,1,2,0,46,1,0,5,17,0,0,0,0,0,0,0,0,0,1,1,0,0,0,0,3,82,0,3,5,0,0,0,1,0,0,9,0,375,1,0,1,7,46,0,1,0,74,0,2,0,1152,0,0,4,17,1,4,0,3,7,0,9,38,291,301,0,1,0,0,1,0,0,0,85,36,0,0,0,0,0,0,0,0,0,0,0,0,1,0,0,0,0,2,0,0,0,20,0,0,0,0,0,0,0,0,0,0,0,0,0,2,20,2,0,0,2,0,0,0,0,1,0,0,0,20,0,0,0,2,0,0,0,0,0,0,0,0,0,0,0,0,0,0,0,0,0,0,0,0,0,0,0,0,0,0,1,6,0,0,5,0,136,5,0
8287,0,0,0,0,0,141,7,0,0,1174,0,94,0,238,0,3,0,1234,6,0,8,0,0,0,0,0,0,0,0,223,5,0,0,0,20,0,0,0,0,0,0,0,0,0,0,1,0,36,0,0,0,9,0,1,0,0,0,0,0,0,0,1,0,0,0,0,0,0,211,0,2,8,0,0,0,0,0,0,1,0,174,0,0,2,4,107,0,0,0,170,0,6,2,1171,0,0,1,61,0,1,0,0,1,0,0,109,777,258,0,186,3,0,0,0,0,0,97,13,0,0,0,0,0,0,0,0,0,2,0,0,2,0,0,0,0,0,0,0,1,30,0,0,0,0,0,0,0,0,0,0,1,0,0,1,106,2,0,0,1,0,1,0,0,0,0,0,0,1,0,0,2,0,0,0,0,0,0,0,0,0,0,0,0,0,0,0,0,0,0,0,0,0,0,0,0,0,0,0,0,12,1,0,22,1,91,0,0
5584,0,0,0,0,0,638,3,0,0,69,0,122,0,67,0,60,1,680,4,0,1,0,0,0,0,0,1,0,0,353,2,1,0,0,3,0,0,0,0,0,0,0,0,1,0,1,0,8,0,0,0,3,0,2,0,0,0,0,0,0,0,0,1,0,0,0,0,0,41,0,2,0,0,0,1,0,0,0,2,0,70,0,0,0,3,82,0,0,0,17,1,5,6,1529,0,0,0,54,1,3,0,0,5,0,0,38,1358,588,10,110,0,0,0,0,3,0,41,3,0,6,0,0,0,0,0,0,0,4,0,8,1,0,0,0,1,0,0,0,5,9,0,5,14,0,0,0,0,0,0,0,0,0,0,0,36,0,0,5,12,0,0,0,0,1,0,1,0,1,2,0,0,0,2,0,1,0,0,1,0,0,1,0,0,2,0,0,0,0,0,0,0,0,0,0,0,1,0,0,2,17,0,0,17,0,54,1,0
4681,0,2,0,0,0,466,2,0,1,887,0,78,0,88,0,56,0,562,9,0,8,8,0,0,0,0,1,0,0,140,2,0,3,0,5,0,0,0,0,0,0,1,0,1,0,1,0,0,1,0,5,1,0,3,0,0,0,0,0,0,0,0,0,0,0,0,1,0,38,0,0,7,0,0,1,1,0,0,2,0,34,0,0,0,6,77,0,3,0,10,1,20,4,788,0,1,1,52,9,4,0,5,5,0,0,110,1289,1427,9,261,0,1,1,0,16,0,65,2,0,17,0,0,0,0,3,0,24,0,0,20,12,0,0,0,0,0,0,0,3,43,7,0,104,0,1,0,0,0,0,0,1,0,0,2,4,0,0,1,3,0,1,0,0,0,0,0,0,2,0,0,4,0,2,0,0,0,0,0,0,0,1,0,0,0,0,0,0,0,0,0,0,1,0,0,5,0,0,0,4,32,8,0,60,0,37,0,1
4982,0,3,0,0,0,773,2,0,0,301,0,207,0,113,0,31,0,519,19,0,2,0,0,0,0,0,0,0,0,110,3,1,1,0,2,0,0,0,0,0,0,0,0,2,0,0,0,6,0,0,2,2,0,8,0,0,0,0,1,0,0,0,0,0,0,0,0,0,3,0,0,2,0,0,0,0,0,0,0,0,25,2,0,0,2,88,0,1,0,3,0,9,4,1466,0,0,0,114,0,3,0,2,0,0,0,79,1458,301,1,64,0,1,0,0,1,0,8,2,0,1,0,0,0,0,1,0,0,0,0,1,1,0,0,0,0,0,0,0,4,14,1,0,5,0,4,0,0,0,0,0,0,0,0,0,43,0,0,0,5,0,1,0,0,0,0,0,0,4,0,0,0,0,23,0,0,0,0,0,0,0,4,0,0,0,0,0,1,0,0,0,0,0,0,0,0,2,0,1,0,19,2,0,18,0,22,0,0
6344,0,1,0,0,1,482,8,0,0,226,0,79,0,115,0,29,0,1294,11,0,12,4,0,0,0,1,0,0,0,160,0,1,0,0,11,0,0,0,0,0,0,0,0,5,1,1,0,2,0,0,4,2,0,2,0,0,0,0,0,0,0,0,0,0,0,0,0,0,79,0,0,1,0,3,0,0,0,0,1,0,32,1,0,1,1,75,0,0,0,19,1,17,7,644,0,0,2,172,3,2,0,2,3,0,0,127,675,809,3,60,0,1,0,0,20,0,131,4,0,7,0,0,0,1,1,0,0,4,0,46,6,1,0,0,0,0,0,1,5,8,3,0,24,0,0,0,0,0,0,0,0,0,0,4,12,0,0,1,1,0,0,0,0,1,0,0,0,1,2,0,0,0,14,0,1,0,0,0,0,0,1,0,3,0,0,0,0,0,1,0,0,1,0,1,0,1,0,0,4,28,1,0,15,0,29,0,1
5225,0,56,0,0,5,542,2,0,2,3348,0,128,0,167,0,156,2,255,4,0,5,18,0,3,0,4,0,0,0,153,0,0,1,0,9,0,0,0,0,0,0,0,0,22,0,0,0,5,0,0,1,10,0,46,0,0,0,0,0,0,0,0,1,0,1,3,0,0,68,0,2,1,0,0,4,0,0,0,5,1,46,2,0,0,1,43,0,1,0,74,8,29,11,1138,0,0,1,276,4,13,0,24,5,0,1,151,237,503,8,243,2,3,0,0,47,0,99,23,0,17,0,0,0,4,6,0,0,2,1,64,7,0,0,0,0,0,0,1,82,62,1,0,295,3,0,0,0,0,0,0,1,0,0,1,32,2,0,4,11,1,0,0,8,1,0,0,0,1,0,0,1,0,38,0,2,0,1,0,4,0,1,0,1,0,0,0,0,0,3,0,0,0,0,0,0,7,1,0,5,24,7,0,24,0,30,3,0
4611,0,12,0,0,0,224,11,0,0,3933,0,97,0,83,0,121,2,62,3,0,25,15,0,19,0,5,0,0,0,69,1,0,15,0,6,0,0,0,0,0,0,0,0,3,0,0,0,0,0,0,3,1,0,1,0,0,0,0,0,0,0,0,0,0,0,2,4,0,41,0,0,3,0,0,0,26,2,0,1,0,69,3,0,0,1,103,0,0,1,144,9,22,13,733,2,0,0,267,0,22,0,8,2,0,2,392,163,317,10,492,0,0,1,0,21,0,339,3,0,29,1,0,0,11,10,0,0,2,0,36,10,0,0,0,0,0,0,1,27,157,1,0,71,1,0,0,0,0,0,0,0,1,0,3,18,1,0,1,17,0,0,0,18,3,0,0,0,0,7,0,1,0,76,0,0,0,0,0,16,0,0,0,0,0,0,0,0,0,41,0,0,0,0,0,2,0,0,0,3,33,39,0,68,0,48,0,0
4424,0,5,0,0,0,234,15,0,0,3659,0,55,0,80,0,79,2,350,2,0,32,37,0,12,0,1,0,0,0,70,1,0,14,0,12,0,0,0,0,0,0,0,0,4,0,2,0,4,0,0,1,0,0,0,0,0,0,0,0,0,0,0,0,0,0,1,0,0,24,0,0,1,0,0,1,5,0,0,2,0,36,1,0,0,2,85,0,0,0,64,7,22,15,734,0,0,0,393,0,4,0,10,3,0,1,364,200,250,15,314,1,0,1,0,79,0,240,6,0,45,4,0,0,4,24,1,0,10,4,87,16,0,0,0,0,0,0,5,15,100,0,0,339,1,0,0,0,0,0,0,0,0,0,5,41,3,0,0,5,1,0,0,29,0,0,0,0,0,5,0,2,0,62,0,0,0,0,0,1,0,1,0,0,0,0,0,0,0,23,1,0,0,0,0,2,0,0,0,3,46,35,0,27,0,51,1,0
4074,0,1,0,0,0,200,14,0,0,2692,0,67,0,121,0,96,3,246,0,0,11,14,0,10,0,1,0,0,0,69,0,0,15,0,10,0,0,0,0,0,0,0,0,1,0,0,0,2,0,0,7,0,0,1,0,0,0,0,0,0,0,0,0,0,0,3,0,0,55,0,0,0,0,0,0,6,0,0,0,0,67,0,0,0,0,93,0,0,1,88,1,25,4,580,0,2,1,246,0,1,0,2,2,0,2,331,180,306,13,217,0,0,0,0,18,0,316,1,0,31,1,0,0,12,32,0,0,17,2,116,10,0,0,0,0,0,0,0,1,67,0,0,262,0,0,0,0,0,0,0,0,0,0,5,8,4,0,0,4,0,0,0,29,11,0,0,0,0,7,0,2,0,29,0,0,0,0,0,0,0,0,0,0,0,0,0,0,0,21,0,0,0,0,0,1,0,0,0,4,50,24,0,20,0,30,0,1
5796,0,0,0,0,0,228,29,0,0,560,0,67,0,255,0,41,4,170,2,0,13,0,0,2,0,0,0,0,0,47,1,0,0,0,13,0,0,0,0,0,0,0,0,0,0,1,1,0,0,0,0,0,0,2,0,0,0,0,0,0,0,0,0,0,0,2,0,0,99,0,0,3,0,0,0,0,0,0,0,0,47,0,0,0,0,52,0,1,1,348,1,70,6,417,0,0,0,53,1,1,2,0,0,0,0,353,359,251,16,1193,0,0,0,0,0,0,88,0,0,27,0,0,0,0,2,0,0,5,0,0,111,0,0,0,0,0,0,0,5,606,2,0,33,0,0,0,0,0,0,0,0,0,0,4,19,0,0,2,3,0,0,0,1,1,0,0,0,6,1,0,0,0,4,0,0,0,0,0,0,0,16,0,0,0,0,0,0,0,13,0,0,0,2,8,0,0,0,0,0,35,1,0,24,0,159,0,0
6350,0,2,0,0,1,309,24,0,0,142,0,104,0,426,0,34,0,335,9,0,13,0,0,4,0,0,0,0,0,111,3,0,1,0,14,0,0,0,0,0,0,0,0,0,0,3,0,5,0,0,3,2,0,4,0,0,0,0,0,0,0,0,0,0,0,0,0,0,67,0,0,5,0,0,0,3,0,0,0,0,63,1,0,0,3,131,0,0,0,269,0,60,4,1040,0,0,0,62,6,4,0,4,2,0,2,299,359,243,12,356,0,2,0,0,0,0,146,2,0,5,0,0,0,0,0,0,0,6,0,0,20,1,2,0,1,0,0,0,2,188,0,3,23,1,1,0,0,0,0,0,0,0,0,1,153,0,0,1,1,0,1,1,0,1,0,0,0,1,0,0,0,0,8,0,0,0,0,0,0,0,0,0,0,0,0,0,0,0,6,0,0,0,1,6,0,0,0,0,3,17,1,0,10,1,167,1,0
3024,0,0,0,0,0,117,9,0,2,6,0,12,0,337,0,1,0,91,0,0,25,0,0,0,0,0,0,0,0,10,1,0,0,0,9,0,0,0,0,0,0,0,0,2,0,1,3,4,0,0,1,0,0,2,0,0,0,0,0,0,0,0,0,0,0,0,0,0,107,0,0,0,0,0,0,2,0,0,1,0,51,0,0,0,2,61,0,0,0,322,0,23,0,23,0,0,0,12,1,1,0,1,2,0,4,206,22,32,1,25,0,0,0,0,0,0,211,0,0,5,0,0,0,0,1,0,0,5,0,0,0,0,2,0,0,0,0,1,0,76,2,0,152,0,0,0,0,0,0,0,0,0,0,9,103,0,0,1,0,0,0,0,0,2,0,0,0,0,0,0,0,0,6,0,4,0,0,0,0,0,0,0,0,0,0,0,0,0,0,0,0,0,0,62,0,1,0,0,1,0,1,0,0,0,187,3,0
6115,0,0,0,0,0,277,51,0,0,21,3,23,0,298,0,22,0,679,11,0,6,0,0,1,0,0,0,0,0,46,0,0,0,0,21,0,0,0,0,0,0,0,0,2,0,0,40,6,0,0,8,0,1,16,0,1,0,0,0,0,0,1,0,0,0,0,0,0,131,0,0,3,0,0,0,4,0,0,4,0,202,0,0,0,2,160,1,1,9,729,0,71,2,120,0,0,0,26,1,0,14,0,9,0,1,294,49,136,1,63,0,1,0,0,0,0,309,2,0,10,0,0,0,0,1,1,0,5,0,0,6,0,1,0,0,0,0,0,0,50,0,1,40,2,2,0,0,0,0,0,0,0,0,10,161,0,0,0,1,0,0,0,0,5,0,0,0,0,0,0,0,0,23,0,0,0,0,0,0,0,24,0,0,0,0,0,0,0,0,0,0,0,0,123,0,1,0,0,2,6,2,0,5,0,83,1,0
2411,0,5,0,0,1,589,6,0,0,685,0,201,0,43,0,523,0,537,1,0,0,0,0,0,0,5,0,0,0,247,2,0,0,0,0,0,0,0,0,0,0,0,0,5,0,1,0,6,0,0,2,3,1,8,0,0,0,0,0,0,0,0,0,0,0,2,0,0,24,0,0,0,0,0,0,0,0,0,6,0,30,0,0,0,0,31,0,0,0,28,2,2,0,1798,0,0,0,101,1,6,0,1,1,0,0,16,1770,278,3,108,0,0,0,0,0,0,2,5,0,1,0,0,0,0,0,0,0,4,0,0,7,0,0,0,0,0,0,0,11,17,0,1,2,0,1,0,0,0,0,0,0,0,0,0,66,4,0,0,10,0,0,0,0,1,0,0,0,1,0,0,0,0,3,0,0,0,0,0,0,0,5,0,0,1,0,0,0,0,1,1,0,0,0,2,0,6,0,0,1,4,0,0,2,0,21,0,0
5199,0,20,0,0,3,348,8,0,0,1416,0,109,0,71,0,211,0,737,7,0,1,2,0,0,0,0,0,0,0,135,11,0,0,0,2,0,0,0,0,0,0,2,0,10,0,0,0,16,0,0,9,7,0,23,0,0,0,0,0,0,0,1,0,0,0,1,0,2,45,0,2,1,0,0,1,0,0,0,3,0,35,0,0,5,12,83,1,0,0,15,3,15,3,524,0,0,0,668,3,7,0,1,0,0,1,70,365,672,6,212,0,0,0,0,1,1,11,6,0,1,0,0,0,0,1,0,0,3,0,0,18,0,0,0,1,0,0,1,46,14,0,0,0,0,1,0,0,0,0,0,0,0,0,1,85,1,0,1,4,0,0,1,0,0,0,0,0,2,1,0,0,0,31,0,2,1,0,0,0,0,6,0,0,0,0,0,0,3,2,0,0,1,0,0,0,3,0,1,0,11,1,0,19,0,21,0,0
4399,0,2,0,0,0,597,3,0,0,580,0,86,0,4,0,2,0,1220,1,0,1,0,0,0,0,0,0,0,0,100,2,0,0,0,3,0,0,0,0,0,0,0,0,1,0,0,0,2,0,0,5,0,0,8,0,0,0,0,0,0,0,0,0,0,0,1,0,0,0,0,1,0,0,0,0,0,0,0,5,0,4,0,0,0,1,74,0,0,0,19,1,9,4,1259,0,0,1,23,0,0,0,5,1,0,0,12,1328,1005,0,30,0,0,0,0,0,0,32,7,0,0,0,0,0,0,0,0,0,0,0,0,2,0,0,0,0,0,0,0,3,0,0,0,0,0,0,0,0,0,0,0,0,0,0,0,0,0,0,0,8,0,0,0,0,0,0,0,0,2,0,0,0,0,5,0,1,0,0,0,0,0,3,0,0,0,0,0,0,0,0,1,0,0,0,0,0,0,0,0,0,3,0,0,2,0,13,0,0
7031,0,5,0,0,0,361,59,0,0,311,0,88,0,253,0,110,11,17,5,0,90,0,0,26,0,0,0,0,0,59,2,0,0,0,0,2,0,0,0,0,0,8,0,1,0,0,0,1,1,0,1,0,2,4,0,0,0,0,0,0,0,0,0,0,0,7,0,0,92,0,0,0,0,0,0,2,0,0,8,0,44,1,0,0,1,99,0,0,0,601,0,24,8,282,0,0,0,212,1,2,0,0,1,0,3,719,814,486,19,495,0,0,0,0,237,0,138,8,0,44,0,0,0,7,23,0,0,15,0,52,174,0,0,0,0,1,0,0,4,4,0,0,106,1,3,0,0,0,0,0,0,1,0,0,42,0,7,1,31,0,0,0,0,2,1,0,0,0,11,1,7,0,3,0,1,0,0,0,0,0,5,0,0,0,0,0,0,0,35,0,0,0,0,1,0,1,0,0,0,19,0,0,29,0,343,1,0
4927,0,7,0,0,2,1331,15,0,17,1125,0,297,1,328,0,66,13,126,16,0,7,4,0,7,0,0,2,2,0,165,11,6,0,0,2,0,1,1,0,0,0,1,0,10,1,5,0,5,1,0,3,6,2,5,1,0,2,0,0,0,0,0,0,0,1,17,0,0,97,0,1,1,0,0,2,4,0,1,4,0,45,0,1,2,11,13,2,2,0,129,24,15,35,443,0,0,0,107,0,10,1,3,17,0,0,93,1421,962,16,533,0,0,0,0,4,0,34,49,0,52,2,0,0,10,15,0,0,14,2,31,23,2,0,0,0,0,0,0,28,5,0,0,55,0,3,0,0,0,0,1,1,0,0,0,11,0,5,3,12,0,0,0,9,8,0,0,0,11,3,0,2,0,36,3,4,0,2,0,0,0,0,0,0,0,0,0,2,2,21,1,0,0,1,0,9,0,0,1,5,17,9,0,17,2,26,1,0
2831,6,32,0,0,15,1616,2,0,7,1017,0,400,0,127,0,193,6,21,41,0,5,0,0,3,0,0,3,0,0,245,48,1,0,0,0,2,0,0,0,0,0,11,0,0,0,1,0,66,0,0,0,24,1,55,0,0,1,0,0,0,0,2,0,0,0,5,2,1,21,0,1,1,0,0,0,2,0,0,24,4,31,0,0,4,9,14,0,5,0,33,8,3,3,802,0,0,0,106,0,11,0,7,11,0,0,40,1730,415,6,478,4,0,1,0,0,0,19,63,0,14,0,1,0,4,2,0,0,5,0,4,25,3,0,0,0,0,0,0,31,59,0,0,1,0,1,0,0,0,0,2,3,0,0,0,11,0,1,4,26,0,0,0,31,0,1,0,0,4,0,0,1,0,83,3,1,0,3,0,0,0,6,0,0,1,0,0,1,1,34,0,0,0,0,0,1,0,1,0,2,20,3,0,30,2,16,0,0
5428,0,3,0,0,0,104,6,0,0,378,0,56,0,320,0,10,0,768,0,0,3,0,0,2,0,0,0,0,0,80,2,0,0,0,7,0,0,0,0,0,0,0,0,2,0,0,0,1,0,0,3,0,0,3,0,0,0,0,0,0,0,0,0,0,0,1,0,0,74,0,0,0,0,0,1,0,0,0,1,0,79,0,0,0,0,108,0,0,0,91,0,10,2,136,0,0,0,102,4,0,3,0,3,0,4,167,575,137,2,141,0,0,0,0,22,0,117,0,0,0,0,0,0,0,1,0,0,1,0,2,0,0,0,0,0,0,0,0,0,31,0,1,7,0,0,0,0,0,0,0,0,0,0,7,115,3,0,0,1,0,0,0,0,2,0,0,0,0,0,0,5,0,3,0,0,0,0,0,0,0,0,0,0,0,0,0,0,0,0,0,0,0,0,1,0,0,0,0,0,18,4,0,2,0,110,0,0
6163,0,9,5,0,9,1222,3,0,0,142,0,200,0,437,0,14,0,2323,0,0,3,0,0,0,0,0,0,0,0,230,46,0,2,0,2,0,0,0,0,0,0,0,0,34,0,0,0,10,0,0,8,4,3,142,0,0,0,0,0,0,0,0,0,0,0,0,1,0,27,0,3,11,0,0,7,0,0,0,2,0,87,0,0,28,0,63,0,1,0,33,18,15,1,497,0,0,0,51,9,9,2,20,25,0,4,41,1037,255,0,28,10,2,0,0,0,0,36,36,0,0,0,0,0,0,0,0,0,0,0,0,0,0,0,0,0,0,0,0,4,2,0,3,1,0,3,0,0,0,0,0,0,0,0,4,24,1,0,0,8,0,0,0,0,0,0,0,0,0,0,0,2,3,164,2,0,0,0,0,0,0,99,0,0,0,0,0,0,0,0,7,0,0,0,2,0,46,0,0,4,4,0,0,5,0,27,0,6
8651,0,7,0,0,1,158,16,0,0,5,1,9,0,367,0,0,0,2196,0,0,13,0,0,0,0,0,1,0,0,25,2,0,0,0,4,0,0,0,0,0,0,0,0,0,0,0,0,10,0,0,8,0,0,7,0,0,0,0,0,0,0,0,0,0,0,0,0,0,564,0,0,1,0,0,2,0,0,0,0,0,98,0,0,4,0,130,0,0,3,306,3,25,1,32,0,0,0,4,1,0,22,1,14,0,3,17,55,192,0,0,0,2,0,0,4,0,270,9,0,1,0,0,0,0,0,0,0,0,0,1,0,0,0,0,0,0,0,0,0,0,0,3,0,0,0,0,0,0,0,0,0,0,0,5,0,3,0,0,1,0,0,0,0,1,0,0,0,0,0,0,0,1,7,0,0,0,0,0,0,0,4,0,0,0,0,0,0,0,0,1,0,0,0,199,0,2,0,0,1,0,0,0,2,0,100,0,4
6815,0,11,0,0,0,394,11,0,0,534,0,112,0,771,0,26,0,1002,0,0,5,0,0,0,0,1,0,0,0,193,13,0,3,0,2,0,0,0,0,0,0,0,0,3,0,0,0,1,0,0,0,0,0,16,0,0,0,0,0,0,0,1,0,0,0,0,0,0,225,0,0,1,0,0,0,0,0,0,0,0,87,0,0,2,0,112,0,0,0,180,4,45,4,638,0,0,0,146,0,2,1,6,2,0,0,136,1097,58,0,187,2,0,0,0,1,0,75,3,0,0,0,0,0,1,0,0,0,5,0,1,0,0,0,0,0,0,0,0,2,27,0,1,4,0,0,0,0,0,0,0,0,0,0,1,24,2,0,0,13,0,0,0,0,0,0,0,0,0,0,0,1,0,6,1,0,0,0,0,0,0,6,0,0,0,0,0,0,0,0,1,0,0,0,18,0,3,0,0,6,9,0,0,7,0,57,0,0
2706,0,3,0,0,0,211,2,0,0,589,0,136,0,53,0,276,1,87,12,0,4,4,0,1,0,0,1,0,0,80,1,0,0,0,2,0,0,0,0,0,0,2,0,5,0,1,0,14,0,0,2,1,0,2,0,0,0,0,0,0,0,0,0,0,0,3,0,0,14,0,1,1,1,0,2,0,0,0,4,0,17,1,0,0,1,36,2,0,0,12,19,2,2,874,0,0,0,515,6,22,0,3,1,0,0,45,3147,1468,8,707,0,0,0,0,3,0,5,11,0,0,0,0,0,1,4,0,0,13,0,1,6,0,0,0,0,0,0,1,3,53,0,0,4,0,2,0,0,0,0,0,1,0,0,0,12,4,0,2,32,0,0,2,0,0,0,0,0,10,2,0,0,0,10,0,0,0,1,0,0,0,5,0,0,0,0,0,0,0,3,2,0,1,0,0,1,1,0,0,6,25,1,0,45,0,12,0,0
5544,1,6,0,0,3,510,0,0,0,254,19,105,3,77,0,25,11,1032,37,0,4,2,0,15,11,2,2,0,0,48,25,0,0,0,8,0,0,0,0,0,0,12,0,6,2,5,0,169,5,0,8,24,0,7,0,0,0,0,0,0,0,1,0,0,1,2,20,12,9,0,55,54,1,0,15,3,0,0,10,0,23,5,1,59,509,14,6,2,0,34,18,1,2,607,0,0,0,21,38,89,0,144,22,0,1,5,1400,1054,2,85,0,0,0,0,0,2,12,45,0,23,5,4,0,0,4,0,0,0,0,0,1,5,0,0,6,4,0,35,12,1,0,34,67,0,59,0,0,0,0,0,2,2,2,0,0,0,0,107,13,44,9,1,2,0,0,0,0,94,0,0,0,0,6,0,15,0,0,2,2,0,17,0,11,0,9,1,0,0,0,9,0,9,0,12,0,0,0,0,17,2,10,0,6,20,11,51,0
6643,0,9,0,0,6,256,6,0,0,881,2,60,0,133,0,25,0,857,16,0,8,0,0,3,0,0,1,0,0,75,2,0,0,0,23,0,0,0,0,0,0,0,0,4,0,0,0,1,0,0,2,3,0,7,0,0,0,0,0,0,0,0,0,0,0,2,1,0,26,0,0,3,0,0,1,1,0,0,1,0,47,0,0,0,1,128,0,0,0,121,2,4,6,637,0,0,0,346,10,10,0,1,14,0,0,135,2216,320,4,272,0,0,0,0,1,0,31,4,0,3,1,1,0,0,0,0,0,0,0,0,6,0,0,0,0,0,0,1,4,0,0,0,2,0,3,0,0,0,0,0,0,0,0,3,336,0,0,1,12,1,0,0,0,0,0,0,0,9,0,0,0,0,22,0,0,0,0,0,0,0,7,0,0,0,1,0,0,0,2,1,0,0,0,0,0,0,0,0,5,2,1,0,2,0,76,1,1
1536,0,2,0,0,0,228,0,0,0,78,0,114,0,54,0,164,1,338,11,0,2,0,0,0,0,0,0,0,0,81,1,0,0,0,4,0,0,0,0,0,0,0,0,2,0,0,0,5,0,0,4,3,0,6,0,0,0,0,0,0,0,0,0,0,0,0,2,1,2,0,0,1,0,0,1,1,0,0,0,0,9,0,0,0,6,17,1,0,0,27,1,0,1,1036,0,0,0,645,0,7,0,1,2,0,0,14,1670,1667,1,125,0,0,0,0,1,0,16,4,0,0,0,0,0,0,2,0,0,4,0,0,2,0,0,0,0,0,0,0,6,2,0,0,4,0,5,0,0,0,0,0,0,0,0,2,53,0,0,0,10,1,0,0,0,1,0,0,0,5,0,0,0,0,16,0,2,0,0,0,0,0,7,0,0,0,0,0,0,0,0,0,0,0,0,0,0,3,0,0,5,9,1,0,10,0,16,0,0
5361,0,0,0,293,0,489,6,0,0,310,3,88,0,117,0,10,0,1297,8,0,19,0,0,0,0,0,0,0,0,162,9,0,5,0,16,0,0,0,0,0,0,0,0,22,2,9,2,39,1,18,2,2,9,11,0,0,0,0,0,0,5,6,0,4,0,3,3,1,431,0,1,10,0,0,12,2,1,0,2,0,28,4,0,3,25,31,0,2,1,229,6,16,0,2136,0,0,0,3,9,80,0,40,21,0,10,34,40,117,0,25,4,2,0,0,0,0,164,38,0,0,0,0,1,0,0,1,0,11,0,0,0,0,0,0,0,0,0,0,3,13,22,0,532,0,0,0,0,0,0,0,0,1,0,16,3,0,0,0,4,0,0,2,0,0,0,0,0,11,0,0,0,0,0,0,0,5,0,0,0,0,14,0,1,0,0,1,0,0,0,0,0,1,0,0,0,0,1,0,0,0,0,0,0,1,206,36,6
7078,0,2,0,255,0,326,0,0,0,1,1,29,0,216,0,4,0,1219,0,0,51,0,0,1,0,0,0,0,0,95,3,0,1,0,1,0,0,0,0,0,0,1,0,4,1,1,1,33,1,25,6,8,0,0,0,0,0,0,0,0,0,0,0,0,0,0,3,3,291,0,2,22,0,0,14,4,0,0,1,0,67,0,0,8,46,134,0,1,0,223,0,4,0,624,0,0,0,0,5,5,0,7,18,0,2,10,68,237,0,0,0,1,0,0,0,0,444,10,0,0,0,0,0,0,0,0,0,5,0,0,0,0,0,0,0,0,0,0,1,0,1,0,25,0,0,0,0,0,0,0,0,2,0,20,0,1,0,2,3,2,0,0,0,0,0,0,0,1,0,0,0,0,0,0,0,0,0,0,0,0,5,0,2,0,0,0,0,0,0,0,0,0,0,0,0,0,0,0,0,0,1,0,0,0,13,19,1
5307,0,2,0,16,0,840,4,0,0,112,2,249,0,75,0,78,1,258,31,0,2,0,0,10,0,0,0,0,0,159,17,0,7,0,20,0,0,0,0,0,0,10,0,56,1,3,0,173,6,114,10,16,0,2,0,0,0,0,0,0,0,1,0,0,0,10,2,4,207,0,11,19,0,0,6,3,0,0,1,0,31,5,0,16,179,55,0,1,1,61,1,9,1,959,0,0,0,35,20,58,0,64,24,0,7,70,1007,218,0,220,1,1,0,0,0,0,128,134,0,0,2,0,0,0,0,2,0,4,0,0,0,1,0,0,0,0,0,0,7,105,67,0,484,0,0,0,0,0,0,0,0,3,0,10,6,4,0,5,6,1,0,1,0,0,0,0,0,10,0,2,0,0,0,0,0,1,0,0,0,0,64,0,16,0,0,0,0,0,0,0,0,0,0,0,0,0,0,0,0,0,3,0,4,0,290,79,0
4724,0,0,0,1,0,214,7,0,0,476,1,142,0,152,0,1,0,1163,0,0,12,0,0,0,0,0,0,0,0,202,1,0,0,0,6,0,0,0,0,0,0,0,0,10,2,0,1,88,1,704,8,2,0,2,0,0,0,0,0,0,0,1,0,0,0,0,0,0,303,0,0,9,0,0,4,2,0,0,1,0,55,1,0,0,21,72,0,1,0,94,1,22,0,1689,0,0,0,6,0,10,0,7,5,0,0,65,196,187,0,6,2,0,0,0,0,0,110,3,0,0,0,0,0,0,0,0,0,4,0,0,0,0,0,0,0,0,0,0,3,6,5,0,316,0,0,0,0,0,0,0,0,0,0,4,1,0,0,0,1,0,0,0,0,0,0,0,0,2,0,0,0,0,0,0,0,4,0,0,0,0,1,0,1,0,0,0,0,0,0,0,0,0,0,0,0,0,0,0,0,0,1,0,2,0,38,7,2
3958,0,2,0,0,0,366,4,0,0,2449,1,50,0,265,0,1,1,76,3,0,22,2,0,2,0,0,0,0,0,329,1,0,0,0,6,0,0,0,0,0,0,0,0,0,0,0,0,3,0,0,1,0,0,4,0,0,0,0,0,0,0,0,0,0,0,3,0,0,177,0,0,1,0,1,0,1,0,0,3,0,25,0,0,0,0,52,0,0,0,117,0,4,4,1225,0,2,1,84,1,4,0,6,1,0,6,12,1175,142,15,358,0,0,0,0,39,0,69,2,0,10,0,0,0,0,1,0,2,0,0,43,1,0,0,0,1,0,0,1,1,199,78,0,147,0,0,0,0,0,0,0,0,0,0,3,52,0,0,1,5,1,0,0,0,2,0,0,0,0,0,0,1,0,3,0,0,0,0,1,0,0,1,0,0,0,0,0,0,1,0,0,0,0,0,86,0,0,0,0,3,9,37,0,6,0,491,3,1
5716,0,0,0,0,0,143,15,0,0,1286,0,13,0,335,0,0,7,241,0,0,37,1,1,10,0,0,4,0,0,45,0,0,1,0,7,5,0,0,0,0,0,0,0,1,2,0,0,1,1,0,4,0,0,1,0,0,0,0,3,0,0,0,0,0,0,15,0,3,592,0,0,6,0,8,0,1,0,0,14,0,35,0,0,1,10,77,0,3,0,350,1,9,5,165,0,0,0,11,0,25,0,10,1,0,3,38,78,152,22,466,0,9,0,0,6,0,116,1,0,9,0,0,0,17,2,0,2,5,0,11,0,0,0,0,2,0,0,17,2,480,293,1,98,0,0,0,0,0,0,0,0,2,1,4,128,2,1,4,13,3,0,1,0,0,0,0,0,0,2,0,1,0,0,0,0,0,1,0,0,0,0,0,0,0,0,0,0,0,0,0,0,0,0,142,0,0,0,0,1,8,69,0,9,0,669,11,2
4368,0,0,0,0,0,282,9,0,0,1790,0,33,0,329,0,47,7,125,2,0,20,1,0,5,0,0,0,0,0,111,1,0,0,0,1,0,0,0,0,0,0,1,0,1,0,0,0,0,0,0,7,0,0,4,0,0,0,0,0,0,0,0,0,0,0,12,0,0,155,0,1,0,0,1,0,0,0,0,6,0,41,0,0,0,2,42,0,0,0,122,1,10,8,303,0,0,0,193,2,7,0,1,0,0,3,22,296,420,38,523,0,1,0,0,17,0,76,0,0,4,0,0,0,0,5,0,2,4,1,44,16,0,0,0,0,0,0,1,21,635,75,0,27,1,0,0,0,0,0,0,0,0,0,2,181,1,2,0,8,1,0,1,0,1,0,0,0,0,6,0,0,0,4,0,4,0,0,0,0,0,2,0,0,0,0,0,0,0,0,0,0,0,0,4,0,1,0,0,2,18,98,0,69,0,294,1,0
5257,0,2,0,1,0,411,10,0,0,1912,0,51,0,305,0,26,0,508,3,0,8,0,0,1,0,0,1,0,0,197,4,0,2,0,7,0,0,0,0,0,0,0,0,1,0,0,0,0,0,0,9,1,0,2,0,0,0,0,0,0,0,0,0,0,0,1,0,2,63,0,0,3,0,0,0,0,0,0,2,0,54,0,0,0,1,95,0,2,0,79,4,10,12,438,0,0,0,404,0,3,0,9,0,0,4,87,1220,535,19,119,0,0,0,0,3,0,69,2,0,0,0,0,1,0,2,1,1,2,0,25,5,0,0,0,0,0,0,12,1,89,55,0,94,0,2,0,0,0,0,0,0,0,0,3,71,0,0,0,5,0,0,0,0,3,0,0,0,0,0,1,0,0,11,0,0,0,0,0,0,0,0,0,0,1,0,0,0,0,0,0,0,0,0,43,0,1,0,0,1,25,0,0,38,0,170,0,0
6684,1,3,0,0,0,377,6,0,1,56,0,102,0,75,0,106,0,444,10,0,0,1,0,0,0,0,0,0,0,84,4,0,0,0,6,0,0,0,0,0,0,0,0,2,0,0,0,15,0,0,2,2,0,3,0,0,0,0,0,0,0,0,0,0,0,1,0,1,8,0,2,1,0,3,1,0,0,0,0,1,6,0,0,1,4,123,0,0,1,51,0,2,4,793,0,0,0,270,2,2,0,1,2,0,0,68,1269,583,13,291,0,0,0,0,0,0,26,3,0,3,0,0,0,0,1,0,0,5,0,0,70,0,0,0,0,0,0,0,2,35,0,0,14,0,5,0,0,0,0,0,0,0,0,2,325,0,0,0,8,0,0,0,0,2,0,0,0,1,1,0,0,0,0,0,1,0,0,0,0,0,0,0,0,0,0,0,0,0,0,0,0,0,0,0,0,0,2,0,4,32,1,0,25,0,91,0,0
4985,0,0,0,0,0,743,11,0,0,204,0,217,0,92,0,407,0,299,3,0,6,2,0,6,0,0,0,0,0,281,0,0,1,0,0,0,0,0,0,0,0,6,0,0,1,0,0,0,0,0,2,1,0,1,0,0,0,0,0,0,0,0,0,0,0,0,0,0,15,0,0,0,0,0,0,3,0,0,1,0,8,0,0,0,1,74,0,0,0,60,0,10,7,1150,0,0,0,137,1,4,0,0,1,0,0,88,1244,711,74,681,0,0,0,0,3,0,41,0,0,17,0,0,0,0,1,0,1,6,0,7,79,0,0,0,0,0,0,1,1,159,0,0,3,0,0,0,0,0,0,0,0,0,0,2,49,1,0,2,12,0,1,0,5,0,0,0,0,4,0,0,0,0,2,0,0,0,0,0,0,0,0,0,0,0,0,0,0,0,18,0,0,1,0,0,0,0,0,0,0,54,0,0,10,1,92,0,0
3973,0,0,0,0,1,553,0,0,0,34,0,314,1,220,0,235,0,690,5,0,3,3,0,1,0,1,0,0,0,396,0,0,0,0,0,0,0,0,0,0,0,1,0,1,0,0,0,4,0,0,1,0,0,5,0,0,0,0,0,0,0,0,0,0,0,0,0,0,25,0,1,0,0,0,1,1,0,0,0,0,20,0,0,1,2,85,0,0,0,13,1,15,2,1252,0,1,0,147,0,5,0,0,1,0,0,36,614,374,12,170,0,0,0,0,0,0,33,3,0,1,0,0,0,0,3,0,0,2,0,0,23,0,0,0,0,0,0,0,2,84,0,0,0,0,0,0,0,0,0,0,0,0,0,1,34,0,0,0,3,1,1,0,0,0,0,0,0,7,2,0,0,0,2,0,0,0,0,0,0,0,0,0,0,1,0,0,0,0,7,0,0,0,0,0,0,0,0,0,0,23,0,0,2,0,20,0,0
7939,0,0,0,3,0,127,0,0,0,1,0,45,0,185,0,0,0,681,0,0,7,0,0,0,0,0,0,0,0,97,0,0,0,0,2,0,0,0,0,0,0,0,0,0,0,0,0,14,0,0,3,2,0,8,0,0,0,0,0,0,0,0,0,0,0,0,0,1,225,0,0,1,0,0,0,0,0,0,0,0,36,0,0,0,5,120,0,0,0,327,0,2,0,374,0,0,5,0,0,0,0,5,2,0,0,15,112,316,0,0,0,0,0,0,0,2,144,8,0,0,0,0,0,0,0,0,0,7,0,0,1,0,0,0,0,0,0,0,1,0,0,0,33,0,0,0,0,0,0,0,0,0,0,3,56,0,0,0,4,0,0,0,0,0,0,0,0,0,0,0,0,0,0,0,0,0,0,0,0,0,0,0,0,0,0,0,0,0,0,0,0,0,0,274,0,0,0,0,1,0,1,0,7,0,21,0,0
9778,0,0,0,11,0,136,5,0,0,2,0,13,0,430,0,0,0,596,0,0,135,0,0,0,0,0,0,0,0,76,2,0,0,0,8,0,0,0,0,0,0,0,0,0,0,1,0,11,2,0,1,0,1,3,0,0,0,0,0,0,0,0,0,0,0,2,0,0,788,0,3,2,0,0,0,1,0,0,5,0,59,1,0,0,6,127,0,0,1,481,0,3,2,267,0,0,6,0,0,2,0,0,4,0,0,110,79,553,0,8,1,0,0,0,0,0,433,16,0,1,0,0,0,0,0,0,0,4,0,0,13,0,0,0,0,0,0,0,0,1,25,0,964,0,1,0,0,0,0,0,0,0,0,40,78,0,0,0,2,0,0,0,0,4,0,0,0,0,0,0,0,0,0,0,0,0,0,0,21,0,3,0,0,0,0,0,0,0,0,0,0,0,0,441,0,0,0,0,0,0,0,0,11,0,292,0,0
4133,0,0,0,1,0,1413,0,0,0,5,2,162,0,160,0,2,2,3417,2,0,1,0,0,0,0,0,2,0,0,240,19,0,0,0,0,3,0,0,0,0,0,1,0,1,0,3,0,47,2,0,4,11,0,5,0,0,0,0,0,0,78,4,0,66,0,3,0,5,4,0,3,3,0,0,0,0,0,0,17,0,17,0,1,6,58,5,0,0,0,5,3,1,0,2954,0,0,5,0,6,11,0,4,10,0,2,0,400,202,0,0,0,0,0,0,0,0,1,35,0,25,0,0,0,0,4,0,0,0,0,0,0,1,0,0,1,1,0,0,2,0,0,0,0,0,1,0,0,0,0,0,0,0,0,0,2,0,0,7,4,5,0,1,0,2,0,0,0,0,0,0,0,2,1,0,0,0,0,0,0,1,5,0,0,0,0,0,0,0,0,0,0,0,1,80,0,0,3,0,1,0,0,0,0,0,1,0,0
6962,3,0,0,2,0,276,0,0,0,8,0,20,0,591,0,0,1,2388,21,0,4,0,1,0,0,0,1,0,0,109,1,0,4,0,3,2,0,0,0,0,0,2,0,1,2,0,0,7,2,0,5,0,1,2,0,0,0,0,0,0,4,2,0,5,0,0,0,1,312,0,0,1,0,0,4,0,0,0,2,1,123,1,0,1,29,54,0,0,0,105,0,3,0,1095,0,0,3,3,0,13,0,7,5,0,0,0,1967,63,0,3,1,0,0,0,0,0,66,23,0,0,0,0,0,0,0,0,0,0,0,0,1,0,0,0,0,0,0,0,2,1,0,0,1,0,0,0,0,0,0,0,0,0,0,0,4,0,0,0,2,0,0,0,0,0,0,0,0,0,0,0,0,3,3,0,0,0,0,0,0,2,34,0,0,0,0,0,0,0,0,0,0,1,0,260,0,0,0,0,1,1,0,21,0,0,26,0,0
7550,0,0,0,2,0,424,0,0,0,2,0,191,0,376,0,0,0,783,0,0,0,0,0,0,0,0,0,0,0,718,0,0,17,0,0,0,0,0,0,0,0,0,0,0,0,4,0,24,0,0,5,0,6,1,0,0,0,0,0,0,0,1,0,2,0,0,0,0,146,0,0,1,0,0,2,0,0,0,0,0,380,0,0,0,0,26,0,1,0,26,0,0,0,2773,0,0,1,0,3,0,0,0,3,0,0,1,1154,74,0,0,2,0,1,0,0,0,56,1,0,0,0,0,0,0,0,0,0,0,0,0,0,0,0,0,0,0,1,0,0,0,0,0,0,0,0,0,0,0,0,0,0,0,0,0,5,0,0,0,6,0,0,0,0,0,0,0,0,0,0,0,0,0,2,0,1,0,0,0,0,0,1,0,0,0,0,0,0,0,0,0,0,0,0,95,0,0,0,0,0,1,1,0,0,0,5,0,3
7536,0,0,1,1,0,298,11,0,0,407,1,36,0,580,0,0,0,127,0,0,15,0,0,0,0,0,0,0,0,139,4,0,27,0,6,3,0,0,0,0,0,0,1,0,0,1,0,38,1,0,1,1,0,2,0,0,0,0,0,0,0,0,0,0,0,1,0,3,159,0,0,1,0,0,3,0,0,0,6,0,124,0,0,1,8,77,0,0,0,243,1,16,2,491,0,4,3,0,5,9,6,5,1,0,1,7,329,119,1,43,0,0,0,0,10,0,155,16,0,0,0,0,0,1,0,0,0,1,0,0,0,0,0,0,2,0,0,3,1,25,0,0,3,0,0,0,0,0,0,0,0,3,0,0,66,0,0,2,1,0,0,0,0,4,0,0,0,0,0,22,0,0,0,0,0,0,0,0,2,1,0,0,1,0,0,0,0,0,0,1,0,0,0,37,0,0,0,0,1,9,0,0,6,0,96,0,1
7965,0,3,0,14,0,201,3,0,0,85,0,23,0,317,1,0,0,296,0,0,15,0,0,1,0,0,0,0,0,63,0,0,7,0,25,2,0,0,0,0,0,0,1,0,0,5,0,47,0,0,5,1,0,0,0,0,0,0,0,0,0,0,0,0,0,0,0,2,204,0,0,2,0,0,0,1,0,0,0,0,95,0,0,0,4,170,0,0,1,463,0,11,1,335,0,2,0,0,2,12,8,7,11,0,1,18,737,85,1,29,1,0,1,0,148,0,385,9,3,0,0,0,0,0,0,0,0,4,0,30,0,0,0,0,1,0,1,0,0,4,15,0,1,0,0,0,0,0,0,0,0,0,0,60,74,0,0,0,2,1,0,0,0,5,0,0,0,1,0,0,0,0,0,0,0,0,0,0,5,0,2,0,0,0,0,0,0,0,0,0,0,0,0,273,0,0,0,0,1,0,0,5,13,0,192,6,1
8112,0,0,0,0,0,77,8,0,0,18,0,12,0,521,1,1,0,439,0,0,32,0,0,0,0,0,0,0,0,87,0,0,1,0,24,1,0,0,0,0,0,0,0,0,0,1,0,14,0,0,3,0,0,4,0,0,0,0,0,0,0,0,0,0,0,0,0,0,287,0,0,2,0,0,1,0,0,0,0,0,121,0,0,1,0,159,0,1,0,259,1,25,0,407,0,0,0,1,0,4,0,0,1,0,0,13,18,49,0,1,0,0,0,0,5,1,405,11,0,0,0,0,0,0,1,0,0,3,0,19,0,0,0,0,0,0,2,1,2,0,16,1,1,0,0,0,0,0,0,0,1,0,0,12,18,0,0,0,0,0,0,0,0,15,0,0,0,0,0,0,0,0,3,0,1,0,0,0,3,0,6,0,0,0,0,0,0,0,0,0,0,0,0,530,0,0,0,0,1,0,0,1,36,0,144,2,2
2954,0,1,0,0,0,433,1,0,0,1706,4,320,0,180,0,398,6,441,12,0,0,1,0,1,1,0,0,0,0,171,2,0,0,0,0,0,0,0,0,0,0,0,0,4,2,0,0,3,0,0,3,2,0,15,0,0,0,0,0,0,0,0,0,0,0,6,0,3,27,0,4,0,0,0,0,0,0,0,0,0,67,0,0,5,3,34,0,1,0,4,0,13,0,3072,0,0,0,61,3,10,0,10,1,0,1,27,1547,925,0,163,1,0,0,0,0,0,6,7,0,1,0,0,0,0,1,0,0,5,0,1,3,1,0,0,0,0,0,2,2,24,0,0,0,0,6,0,0,0,0,0,0,0,1,0,10,0,0,2,11,1,0,0,3,3,0,0,0,9,0,1,0,0,7,0,0,0,0,0,0,0,4,0,0,0,0,0,0,0,26,0,0,0,0,0,0,13,0,0,5,12,1,0,18,0,13,1,1
2400,0,0,0,0,1,433,0,0,0,1980,0,314,0,78,0,621,1,391,0,0,1,1,0,0,1,0,0,0,0,80,1,0,0,0,1,0,0,0,0,0,0,0,0,0,0,1,0,2,0,0,2,0,1,2,0,0,0,0,0,0,0,1,0,0,0,0,0,0,6,0,0,1,0,0,2,1,0,0,2,0,103,0,0,0,0,36,0,1,0,4,0,16,1,574,0,0,0,26,1,5,0,1,4,0,0,14,1139,1273,13,502,0,0,0,0,2,0,5,1,0,3,0,0,0,0,0,0,0,6,0,0,1,0,0,0,0,0,0,1,0,23,0,0,0,2,1,0,0,0,0,0,0,0,0,0,9,0,0,1,12,0,0,0,0,1,0,0,0,1,0,0,0,0,11,0,0,0,0,0,0,0,3,0,0,0,0,0,0,0,23,0,0,0,0,0,0,5,0,0,0,26,5,0,30,0,6,0,0
3034,0,0,0,0,8,857,0,0,0,1442,1,630,0,26,0,478,1,276,17,0,0,0,0,2,3,0,0,0,0,180,3,0,0,0,0,0,0,0,0,0,0,15,0,15,0,0,0,4,0,0,1,1,0,16,0,0,0,0,0,0,0,1,0,0,0,18,0,0,8,0,3,1,0,0,3,0,0,0,43,0,11,0,0,2,8,2,0,1,0,0,4,6,1,1557,0,0,0,81,1,12,0,2,2,0,2,2,1460,497,0,179,0,0,0,0,0,1,0,14,0,1,1,0,0,0,2,0,0,0,0,0,1,1,0,0,0,0,0,0,17,20,0,0,0,0,3,0,0,0,0,0,0,0,0,0,8,0,0,1,17,2,1,0,1,0,0,0,0,12,0,0,0,0,30,0,0,0,0,0,0,1,7,0,0,1,0,0,0,0,37,0,0,0,0,0,0,19,0,0,29,1,1,0,8,0,0,0,0
4862,0,0,0,0,1,243,10,0,0,1452,0,147,0,249,0,251,3,1682,3,0,1,6,0,11,0,0,0,0,0,112,0,0,0,0,5,0,0,0,0,0,0,0,0,1,0,0,0,4,0,0,2,0,0,1,0,0,1,0,0,0,1,0,0,0,0,2,0,0,68,0,0,0,0,0,0,0,0,0,11,0,42,0,0,0,1,69,0,1,0,43,0,84,5,165,0,0,0,31,0,2,0,2,0,0,0,108,493,1473,12,1108,0,0,0,0,11,0,44,3,0,22,0,0,0,0,4,0,0,11,0,3,23,1,0,0,1,0,0,0,3,127,0,0,0,1,0,0,0,0,0,0,0,0,0,1,27,8,0,4,5,0,0,0,0,2,0,0,0,0,3,0,1,0,0,0,0,0,0,0,0,0,0,0,0,0,0,0,0,0,12,0,0,0,0,0,0,0,0,0,1,37,28,0,108,0,89,0,0
4967,0,0,0,0,0,256,1,0,0,30,0,31,0,375,0,1,2,340,8,0,3,0,0,0,0,0,0,0,0,252,5,0,0,0,2,0,0,0,0,0,0,0,0,2,0,3,0,13,0,0,6,2,0,22,0,0,0,0,0,0,0,0,0,0,0,1,1,1,74,0,2,1,0,0,4,0,0,0,6,0,251,0,0,0,4,79,0,0,0,119,3,4,2,1501,0,0,9,6,0,10,5,1,3,0,0,47,1802,295,0,26,0,1,0,0,1,0,146,20,0,0,0,0,0,0,0,0,0,1,0,0,0,0,0,0,0,0,0,0,0,1,0,5,0,0,0,0,0,0,0,0,0,0,0,1,20,0,0,0,4,0,0,2,0,1,0,0,0,0,0,1,0,1,1,0,0,0,0,0,0,0,8,0,0,0,0,0,0,0,0,0,0,0,0,1,0,0,0,0,9,0,0,0,0,1,53,0,0
4715,0,1,0,0,2,345,1,0,0,4016,0,86,0,122,0,128,1,534,5,0,0,0,0,1,0,0,0,0,0,270,4,0,0,0,2,0,0,0,0,0,0,0,0,3,0,2,0,3,0,0,4,1,0,2,0,0,0,0,0,0,0,0,0,0,0,0,0,1,4,0,0,1,0,0,2,0,0,0,5,0,91,1,0,0,0,57,0,1,0,31,2,6,2,1210,0,0,5,691,3,14,0,2,6,0,0,17,1014,239,0,82,0,0,0,0,1,0,6,9,0,0,1,0,0,0,0,0,0,0,0,0,0,0,0,0,0,0,0,0,3,4,0,0,3,0,1,0,0,0,0,0,0,0,0,1,81,0,0,1,4,0,0,1,0,0,0,0,0,1,0,1,0,3,4,0,0,0,0,0,0,0,1,0,0,0,0,0,0,1,0,0,0,0,0,1,0,0,0,0,0,1,1,0,6,0,24,0,2
4388,2,31,0,0,0,649,5,0,0,3790,1,156,0,199,0,198,0,288,11,0,1,1,0,0,0,0,0,0,0,280,15,0,1,0,0,0,0,0,0,0,0,4,0,16,0,0,0,9,0,0,5,6,1,9,0,1,0,0,0,1,0,1,0,0,0,2,0,2,10,0,0,0,1,0,1,3,0,0,14,0,72,0,0,1,0,12,0,0,0,29,37,9,8,850,0,0,0,147,0,9,1,9,2,0,0,26,1219,391,0,222,0,0,0,0,0,0,9,69,0,0,0,0,0,0,0,0,0,0,0,0,0,0,0,0,0,0,0,1,5,34,0,3,1,0,0,0,0,0,0,0,1,0,0,1,76,0,0,0,13,0,0,1,0,0,0,0,0,0,0,0,1,0,2,0,0,0,0,0,0,0,0,0,0,0,0,0,0,0,0,0,0,0,0,0,0,0,0,0,8,3,0,0,8,1,14,0,0
5842,0,1,0,0,0,263,4,0,0,1627,0,34,0,331,0,5,2,520,0,0,42,0,1,0,0,0,1,0,0,160,2,0,2,0,11,0,0,0,0,0,0,0,0,0,0,1,0,5,0,0,0,0,1,2,0,0,0,0,0,0,0,0,0,0,0,0,0,0,76,0,0,0,0,0,1,1,1,0,3,0,35,1,0,0,1,91,0,0,0,231,1,13,6,914,0,1,0,90,2,10,2,1,17,0,1,75,1245,101,1,108,0,0,0,0,1,0,122,15,0,0,0,0,0,0,0,0,0,3,0,0,0,0,0,0,4,0,0,0,0,1,0,0,27,0,0,0,0,0,0,0,0,0,0,5,46,3,0,0,0,0,0,1,0,0,0,0,0,0,0,0,0,0,0,0,0,0,0,0,0,0,1,0,0,0,0,0,0,0,0,0,0,0,0,0,0,1,0,0,0,0,12,0,0,0,164,2,4
4584,0,2,0,0,0,822,0,0,6,305,6,115,1,212,0,15,0,1235,34,0,6,0,0,2,0,0,1,0,0,97,90,0,8,0,2,30,0,0,0,0,0,20,1,1,0,4,0,107,0,0,3,19,2,0,0,0,0,0,0,0,0,0,0,0,0,2,1,8,221,0,3,5,0,0,10,1,0,0,9,2,75,4,0,3,86,26,0,4,0,13,11,3,5,1247,0,0,0,36,52,61,0,48,30,0,4,9,1312,77,1,84,3,13,7,0,2,0,20,51,0,3,1,0,0,0,3,0,0,1,0,1,0,0,0,0,0,1,0,5,4,53,0,0,22,0,0,0,0,0,0,0,0,2,0,1,24,1,0,60,12,0,0,0,0,0,0,0,0,0,0,5,0,0,1,0,0,0,0,0,0,4,0,0,0,0,0,0,0,0,0,0,12,0,0,6,0,0,0,0,9,3,2,0,10,0,45,21,6
4179,0,0,0,0,0,212,2,0,1,1495,1,137,0,277,0,23,0,1072,5,0,4,0,0,0,0,0,0,0,0,298,3,0,4,0,5,1,0,0,0,0,0,1,0,0,0,3,0,25,0,0,2,4,1,1,0,0,0,0,0,0,0,0,2,2,0,0,0,5,73,0,0,18,0,0,0,1,0,0,0,1,125,0,0,6,65,36,0,1,0,17,0,31,9,1662,0,0,13,83,1,6,0,3,1,0,4,10,1893,52,0,42,2,0,0,0,0,0,20,4,0,4,0,0,0,0,0,0,0,0,0,2,1,0,0,3,0,2,0,7,2,24,0,0,1,0,0,0,0,0,0,0,0,0,0,3,57,0,0,2,3,0,0,0,0,1,2,0,0,0,0,11,0,0,9,0,0,0,0,0,0,1,2,1,0,0,0,0,0,0,0,0,3,0,0,2,0,0,0,0,1,2,0,0,6,0,11,4,26
4962,0,0,0,0,0,364,5,0,0,1154,0,121,0,224,0,15,0,1511,2,0,9,0,0,0,0,0,0,0,0,185,1,0,0,0,10,0,0,0,0,0,0,2,0,1,0,1,0,1,0,0,0,3,0,1,0,0,0,0,0,0,0,0,0,0,0,0,2,0,30,0,0,0,0,0,1,0,0,0,0,0,51,1,0,0,6,29,0,1,0,47,1,18,14,1145,0,0,0,126,0,4,0,3,0,0,0,68,1504,47,4,202,0,1,1,0,0,0,19,3,0,0,1,0,0,0,2,0,0,0,0,3,1,0,0,0,0,1,0,0,8,93,0,0,12,0,0,0,0,0,0,0,0,0,0,4,45,2,0,7,13,0,0,0,0,0,0,0,0,0,0,1,1,0,2,0,0,0,0,0,0,0,1,0,0,0,0,0,0,0,0,0,0,0,0,2,0,0,0,0,4,3,1,0,43,0,28,0,1
5686,0,0,0,0,0,377,17,3,0,2438,0,143,0,173,0,78,0,497,0,0,3,0,0,0,0,2,0,0,0,81,3,0,0,0,37,0,0,0,0,0,0,1,0,4,0,1,0,4,0,0,8,0,0,6,0,0,0,0,0,0,0,0,0,0,0,1,0,0,31,0,0,1,0,0,0,0,0,0,1,0,30,0,0,2,2,99,0,0,0,110,0,20,9,431,0,0,0,113,0,2,0,1,1,0,5,134,672,518,14,351,1,0,0,0,0,0,36,8,0,0,0,0,0,0,0,0,0,8,0,0,35,0,0,0,0,0,0,0,0,60,0,0,9,0,0,0,0,0,0,0,0,0,0,2,56,0,0,1,11,0,0,0,0,7,0,0,0,0,2,0,1,0,0,0,0,0,0,0,0,0,0,0,0,0,0,1,0,0,83,0,0,2,0,14,0,0,0,0,0,21,0,0,43,0,223,4,0
3672,0,1,0,0,3,162,5,0,0,2494,0,124,0,44,0,113,0,261,0,0,4,0,0,0,0,2,0,0,0,68,2,0,0,0,12,0,0,0,0,0,0,0,0,2,0,0,0,2,0,0,4,0,2,4,0,0,0,0,0,0,0,0,0,0,0,19,0,0,8,0,1,0,0,0,0,0,0,0,0,0,30,0,0,0,0,57,0,0,0,48,1,23,7,324,0,0,0,202,1,0,0,0,0,0,0,81,1208,1548,53,654,0,0,0,0,0,0,9,2,0,0,0,0,0,0,2,0,0,10,0,0,54,0,0,0,0,0,0,0,1,143,0,0,7,0,0,0,0,0,0,0,0,0,0,1,7,0,0,0,7,0,0,0,1,4,0,0,0,0,0,0,2,0,0,0,0,0,0,0,0,0,0,0,0,0,0,0,0,1,102,0,0,0,0,0,0,0,0,0,0,18,2,0,84,0,31,0,0
3547,2,6,4,0,7,792,0,46,0,3220,1,259,0,66,0,169,5,280,5,0,0,0,0,1,0,6,0,0,0,174,50,0,0,0,3,1,0,0,0,0,0,5,0,87,0,1,0,18,0,0,10,7,0,21,0,0,0,0,0,0,0,5,0,0,0,8,5,1,1,0,9,5,0,0,20,0,0,0,56,0,6,0,0,17,9,32,0,0,0,5,8,5,1,766,0,0,0,161,0,10,0,15,2,0,1,10,1695,1099,2,193,0,0,0,0,0,1,0,68,0,0,0,1,0,0,3,0,0,0,0,0,2,2,0,1,0,0,0,0,8,9,0,9,3,0,0,0,0,0,0,0,0,0,0,0,49,0,0,0,26,2,2,1,0,3,0,0,0,1,0,0,0,0,0,0,0,0,0,0,0,0,0,0,0,1,0,1,0,0,5,6,0,0,0,1,0,0,0,0,0,2,0,0,31,3,8,0,1
6387,0,1,0,0,2,226,12,15,0,2449,0,80,0,153,0,82,0,593,0,0,3,0,0,0,0,0,0,0,0,103,5,0,0,0,32,0,0,0,0,0,0,0,0,11,0,0,0,2,0,0,6,1,0,6,0,0,0,0,0,0,0,0,0,0,0,0,2,0,38,0,0,0,0,0,2,0,0,0,5,0,5,0,0,2,0,108,0,0,0,69,3,7,1,492,0,0,0,149,0,8,0,2,2,0,1,72,514,497,6,279,0,0,0,0,0,0,41,14,0,0,0,0,0,0,0,0,0,8,0,0,48,0,0,0,0,0,0,0,4,30,0,0,24,0,1,0,0,0,0,0,0,1,0,1,89,0,0,0,5,0,0,0,0,3,0,0,0,1,0,0,3,0,0,0,0,0,0,0,0,0,0,0,0,0,0,0,0,0,2,0,0,0,0,55,0,0,0,0,0,8,3,0,47,0,152,0,0
4576,0,0,0,0,1,289,5,0,0,4378,1,154,0,266,0,191,1,545,3,0,3,6,0,1,0,0,0,0,0,57,7,0,0,0,12,0,0,0,0,0,0,1,0,9,0,0,0,9,0,0,2,2,2,5,0,0,0,0,0,0,0,0,0,0,0,2,0,0,127,0,1,0,0,0,1,2,0,0,2,0,44,2,0,0,1,64,0,0,0,68,12,56,2,635,0,0,0,172,0,2,0,0,0,0,1,75,729,388,5,214,2,0,0,0,25,0,145,10,0,4,0,0,0,0,0,0,0,9,0,8,0,0,0,0,0,0,0,0,0,106,0,0,3,0,0,0,0,0,0,0,0,0,0,9,81,0,0,0,5,0,0,0,2,7,0,0,0,0,0,0,0,0,2,0,0,0,0,0,0,0,2,0,0,0,0,0,0,0,2,0,0,0,0,3,0,0,0,0,7,19,1,0,27,0,78,4,2
7831,0,1,0,0,0,258,8,0,0,112,0,112,0,135,0,7,0,1075,2,0,10,0,0,0,0,0,0,0,0,74,10,0,1,0,4,1,0,0,0,0,0,2,0,12,0,2,0,5,0,0,4,5,0,5,0,0,0,0,0,0,0,0,0,0,0,8,0,0,105,0,4,17,0,0,1,0,0,0,7,0,64,1,0,0,6,121,0,0,0,227,13,33,0,1433,0,0,0,28,0,5,0,8,1,0,0,34,459,275,4,44,0,0,0,0,1,0,206,12,0,0,0,0,3,0,1,0,0,15,0,12,0,0,0,0,0,0,0,0,3,12,0,0,86,0,2,0,0,0,0,0,0,1,0,7,41,2,0,0,2,0,0,0,0,2,0,0,0,1,0,1,0,0,2,0,0,0,0,0,0,0,2,0,0,0,0,0,0,2,0,0,0,0,0,328,0,0,1,0,6,2,0,0,9,0,116,4,0
9351,0,1,0,0,2,132,26,0,0,683,1,42,0,276,0,15,0,616,22,0,3,0,0,2,0,0,0,0,0,57,5,0,2,0,9,0,0,0,0,0,0,1,0,7,0,0,0,2,0,0,4,1,0,4,0,1,0,0,0,0,0,0,1,0,0,2,0,0,224,0,2,3,0,0,0,1,0,0,18,0,98,0,0,6,20,113,0,0,0,110,6,22,0,245,0,0,1,31,0,3,0,2,1,0,0,4,664,208,7,191,0,0,0,0,1,0,93,44,0,3,0,0,0,0,1,0,0,17,0,4,0,0,0,0,0,0,0,0,17,148,0,0,62,1,9,0,0,0,0,0,0,0,0,9,21,1,0,4,2,0,0,0,0,0,0,0,0,0,0,1,0,0,4,0,0,0,0,0,0,0,4,0,0,0,0,0,0,0,0,0,0,1,0,52,0,11,0,0,8,4,1,0,12,0,25,13,2
5967,0,0,0,0,0,277,6,0,0,2003,0,118,0,105,0,174,0,286,6,0,10,0,0,0,0,0,0,0,0,145,4,0,0,0,10,0,0,0,0,0,0,3,0,3,0,0,0,3,0,0,2,3,0,0,0,0,0,0,0,0,0,0,1,0,0,0,0,0,494,0,0,7,0,0,0,0,0,0,1,0,39,0,0,0,3,88,0,0,0,68,1,20,2,761,3,0,0,62,0,3,3,0,1,0,0,70,516,261,10,327,0,0,0,0,12,0,139,7,0,4,0,0,0,0,2,0,0,1,0,82,2,0,1,0,0,0,0,0,4,91,0,0,0,0,0,0,0,0,0,0,0,0,0,5,33,0,0,0,6,0,0,0,0,0,0,0,0,0,0,1,0,0,1,0,0,0,0,2,0,0,0,0,0,2,0,0,0,0,0,0,0,0,0,39,0,3,0,0,3,6,0,0,17,0,48,13,2
5244,0,3,1,0,0,244,20,0,0,1397,0,212,0,72,0,32,0,463,7,0,1,0,0,0,0,0,0,0,0,84,4,0,0,0,23,0,0,0,0,0,0,0,0,0,0,0,0,11,0,0,1,0,0,1,0,0,0,0,0,0,0,0,0,0,0,0,0,0,18,0,0,1,0,0,0,0,0,0,1,0,62,0,0,1,0,34,0,0,0,17,0,68,20,612,0,0,0,93,0,5,0,1,0,0,0,281,1306,763,19,712,0,0,0,0,0,0,24,2,0,0,0,0,0,0,0,0,0,11,0,0,9,0,0,0,0,0,0,0,1,12,0,0,0,0,0,0,0,0,0,0,0,0,0,1,45,0,0,0,11,0,0,0,0,0,0,0,0,0,4,0,0,0,0,0,0,0,0,0,0,0,0,0,0,0,0,0,0,0,43,0,0,0,1,0,0,1,0,0,0,56,0,0,67,0,58,0,0
5430,0,13,0,0,0,323,22,0,0,1145,0,131,0,114,0,35,0,122,3,0,1,0,0,0,0,0,0,0,0,247,1,0,0,0,18,0,0,0,0,0,0,0,0,4,0,1,0,7,0,0,4,0,0,8,0,0,0,0,0,0,0,0,0,0,0,1,2,0,65,0,0,0,0,0,1,0,0,0,2,0,53,1,0,0,0,51,0,0,0,91,0,117,11,274,0,0,1,72,0,4,0,0,0,0,0,382,1008,604,12,897,3,0,0,0,1,0,50,2,0,4,0,0,0,0,0,0,0,6,0,0,27,0,0,0,0,0,0,0,0,118,0,1,0,1,0,0,0,0,0,0,0,2,0,1,25,0,0,0,6,0,0,0,0,3,0,0,0,0,3,0,0,0,10,0,0,0,0,0,0,0,4,0,0,0,0,0,0,0,23,0,0,0,0,0,0,7,0,0,3,67,0,0,26,0,63,0,0
3846,0,20,0,0,0,554,9,0,0,1892,0,192,0,81,0,152,2,140,11,0,0,0,0,0,0,0,0,0,0,295,1,0,0,0,22,1,0,0,0,0,0,2,0,9,0,0,0,8,0,0,3,1,0,2,0,0,0,0,0,0,0,0,0,0,0,6,0,0,41,0,1,2,0,0,0,2,0,0,0,0,59,2,0,3,3,24,0,0,0,29,9,52,1,266,0,0,0,229,1,7,0,2,2,0,1,188,1293,960,9,590,0,0,0,0,0,0,31,10,0,4,0,0,0,2,2,0,0,11,0,0,17,0,0,0,0,0,0,0,1,63,0,0,0,1,2,0,0,0,0,0,0,0,0,0,47,0,0,1,20,0,0,0,0,3,0,0,0,11,0,0,0,0,11,0,1,0,0,0,0,0,3,0,0,0,0,0,0,0,22,1,0,0,0,0,1,0,0,0,1,40,0,0,31,2,49,0,2
4698,0,3,0,0,0,361,12,0,0,947,0,163,0,123,0,18,0,533,0,0,4,0,0,0,0,0,0,0,0,202,1,0,0,0,32,0,0,0,0,0,0,0,0,1,0,0,0,4,0,0,4,1,0,2,0,0,0,0,0,0,0,1,0,0,0,0,0,0,84,0,0,2,0,0,0,0,0,0,0,0,66,0,0,0,4,88,0,0,0,54,0,7,4,709,0,0,0,70,0,2,0,1,0,0,0,95,626,358,1,456,0,0,0,0,2,0,63,8,0,3,0,0,0,0,0,2,0,0,0,0,39,0,0,0,0,0,0,0,3,70,0,0,2,0,0,0,0,0,0,0,0,0,0,0,80,0,0,1,15,0,0,0,0,0,0,0,0,5,0,0,0,0,1,0,0,0,0,0,0,0,1,0,0,0,0,0,0,0,0,0,0,0,0,7,0,0,0,0,0,17,0,0,66,0,86,0,1
5938,0,0,0,0,0,377,17,0,1,885,0,21,0,172,0,10,0,538,5,0,116,1,0,3,0,0,0,0,0,33,1,0,0,0,5,0,0,0,0,0,0,0,0,3,0,2,0,1,0,0,2,0,3,2,0,0,0,0,0,0,0,0,0,0,0,1,0,1,50,0,1,7,0,0,1,1,1,0,2,1,35,2,0,2,10,53,0,0,0,191,7,21,12,119,0,0,0,9,3,7,0,5,3,0,7,64,238,80,68,236,3,0,0,0,141,0,192,2,0,5,0,0,0,1,22,0,0,30,2,475,32,0,0,0,9,0,0,0,27,55,50,0,46,0,7,0,0,0,0,0,0,0,0,14,44,25,2,1,1,0,2,0,0,3,0,0,0,6,1,0,9,1,4,0,1,0,0,0,0,0,1,0,0,0,0,0,0,0,6,2,0,0,0,0,0,0,0,0,0,6,0,0,37,1,1621,9,1
4612,0,9,0,0,0,1031,2,0,0,874,2,82,0,141,0,53,2,364,17,0,5,5,0,2,0,0,0,0,0,123,2,0,0,0,6,0,0,0,0,0,0,0,0,23,1,0,0,7,2,0,7,0,0,2,0,0,0,0,0,0,0,0,0,0,0,0,0,2,68,0,0,20,0,0,8,2,0,0,3,0,30,3,0,1,8,41,3,0,0,28,2,22,14,491,0,0,0,48,9,13,0,16,9,0,4,27,349,358,15,76,0,0,0,0,9,0,53,15,0,7,2,0,0,0,5,0,0,3,0,58,14,0,0,0,1,0,0,0,36,59,98,0,90,1,12,0,0,0,0,0,0,0,0,1,13,3,5,2,16,0,0,0,0,5,0,0,0,5,2,0,2,3,23,0,11,0,0,0,0,0,10,0,0,0,0,0,0,0,2,0,0,1,0,0,2,0,0,1,1,23,0,0,23,1,287,23,2
3900,0,0,0,0,1,469,6,0,0,2201,0,58,0,169,0,55,0,290,3,0,11,2,0,0,0,1,0,0,0,116,5,0,0,0,2,0,0,0,0,0,0,0,0,3,0,1,0,18,0,0,3,0,0,3,0,0,0,0,0,0,0,1,0,0,0,2,0,0,23,0,0,3,0,0,2,1,0,0,3,0,15,0,0,1,9,58,0,0,0,23,1,13,3,528,0,0,0,35,0,2,0,0,0,0,0,43,432,144,23,317,0,0,0,0,41,0,33,1,0,21,0,0,0,0,2,0,0,7,0,68,23,0,0,0,0,0,0,0,6,96,7,0,88,0,0,0,0,0,0,0,0,0,0,0,28,3,0,1,14,0,0,0,0,1,0,0,0,0,2,0,1,1,33,0,1,0,0,0,0,0,3,0,0,0,0,0,0,0,4,1,0,0,0,0,0,0,0,0,1,15,0,0,44,0,109,2,0
2673,0,11,0,0,1,330,15,0,0,2026,0,113,0,216,0,242,11,165,0,0,4,13,0,9,0,0,0,0,0,62,1,0,0,0,6,0,0,0,0,0,0,0,0,2,0,0,0,2,0,0,0,1,0,10,0,0,0,0,0,0,0,0,0,0,0,41,0,1,127,0,1,0,0,0,1,0,0,0,6,0,63,0,0,0,3,22,0,0,0,90,1,26,3,366,0,1,0,366,2,10,0,2,0,0,1,92,1124,1029,13,1831,0,0,0,0,0,0,11,2,0,36,0,0,0,1,5,0,1,0,0,2,103,4,0,0,1,0,0,1,2,539,0,0,19,0,0,0,0,0,0,0,0,1,0,1,33,1,0,5,14,0,2,0,0,2,0,0,0,0,0,0,0,0,19,0,0,0,0,0,0,0,5,0,0,0,0,0,0,0,0,0,0,0,0,0,0,2,0,0,0,38,0,0,79,0,46,1,0
4349,0,1,0,0,1,211,9,0,0,381,0,106,0,431,0,74,0,408,3,0,9,0,0,4,0,0,0,0,0,85,0,0,0,0,7,0,0,0,0,0,0,1,0,1,0,0,0,1,0,0,1,1,0,6,0,0,0,0,0,0,0,0,0,0,0,4,0,0,360,0,0,0,0,0,0,0,0,0,4,0,57,1,0,0,1,35,0,0,0,89,2,18,1,635,0,0,0,115,2,15,0,2,0,0,4,96,1969,653,10,717,1,0,0,0,3,0,34,5,0,5,0,0,0,0,4,0,0,3,0,8,72,0,0,0,0,1,0,1,1,142,0,3,100,0,2,0,0,0,0,0,0,1,0,0,44,9,0,2,12,0,1,0,0,3,0,0,0,0,0,0,0,0,8,0,0,0,0,0,0,0,3,0,0,0,0,0,0,0,0,0,0,0,0,0,0,0,0,0,1,11,0,0,61,0,111,3,0
3379,0,17,2,0,0,621,5,0,0,180,1,151,0,222,0,158,0,269,17,0,0,1,0,7,0,0,0,0,0,200,4,0,0,0,2,0,0,0,0,0,0,0,0,9,2,0,0,6,6,0,4,6,0,28,0,0,0,0,0,0,0,0,0,0,0,3,1,3,54,0,0,1,0,0,0,2,0,0,1,0,165,2,0,4,38,48,2,0,0,19,5,16,0,840,0,0,0,728,0,7,0,5,0,0,0,51,1639,1122,2,98,0,0,0,0,0,0,14,13,0,7,0,0,0,0,2,0,0,0,0,0,9,0,0,0,0,0,0,2,0,12,0,2,0,0,1,0,0,0,0,0,0,0,0,0,88,0,0,17,5,2,0,0,0,0,0,0,0,4,0,0,0,0,26,0,0,0,0,0,0,0,12,0,0,0,0,0,0,0,0,0,0,0,0,0,0,2,0,0,1,18,0,0,7,0,13,1,0
2985,0,6,1,0,1,542,2,0,0,954,0,230,0,133,0,32,1,1337,1,0,0,0,0,0,0,0,0,0,0,332,10,0,0,0,0,0,0,0,0,0,0,0,0,17,0,0,0,5,0,0,1,1,0,7,0,0,0,0,0,0,0,0,0,0,0,6,0,0,31,0,2,0,0,0,1,0,0,0,3,0,34,0,0,1,1,14,0,0,0,2,6,3,2,1339,0,0,0,37,0,0,0,0,0,0,0,6,2006,290,1,135,3,0,0,0,0,0,5,10,0,0,0,0,0,0,0,0,0,0,0,0,11,0,0,0,0,0,0,1,1,7,0,3,0,0,1,0,0,0,0,0,0,0,0,0,42,0,0,0,3,0,0,1,0,0,0,0,0,3,0,0,0,0,10,0,0,0,0,0,0,0,5,0,0,0,0,0,0,0,0,0,0,0,0,0,0,4,0,0,4,2,0,0,0,0,21,0,0
5019,0,0,0,0,0,585,6,0,0,1322,1,61,0,238,0,136,0,1066,6,0,14,0,0,0,0,0,0,0,0,221,5,0,0,0,9,0,0,0,0,0,0,0,0,0,0,0,0,3,0,0,0,3,0,0,0,0,0,0,0,0,0,0,0,0,0,1,0,0,55,0,1,5,0,0,0,1,0,0,1,0,47,0,0,1,13,103,0,0,0,57,0,4,6,1327,2,0,0,145,1,2,0,1,1,0,0,70,858,83,0,71,0,0,0,0,0,0,64,6,0,0,0,0,0,0,1,0,0,5,0,3,2,0,0,0,0,0,0,1,0,7,18,0,68,0,0,0,0,0,0,0,0,0,0,0,84,1,0,0,6,0,0,0,0,0,0,0,0,0,3,0,1,0,0,0,0,0,0,0,0,0,1,0,0,0,1,0,0,0,0,0,0,0,0,1,0,1,0,0,3,7,0,0,9,0,39,1,0
5541,0,0,0,0,0,162,15,0,0,207,0,34,0,203,0,49,2,959,1,0,95,0,0,2,0,0,0,0,0,39,0,0,0,0,44,0,0,0,0,0,0,0,0,0,0,0,0,0,0,0,1,0,0,1,0,0,0,0,0,0,0,0,0,0,0,1,0,0,384,0,0,2,0,0,1,0,0,0,0,0,25,0,0,1,2,76,0,0,0,357,0,17,4,228,0,0,0,43,0,0,0,2,0,0,1,401,105,52,56,294,0,0,0,0,3,0,202,0,0,1,0,0,0,1,26,0,0,40,0,216,29,0,0,0,3,0,0,0,0,146,393,0,860,0,1,0,0,0,0,0,0,0,0,22,165,128,0,0,1,0,0,0,0,1,0,0,0,1,0,0,2,0,1,0,0,0,0,0,0,0,1,0,0,0,0,0,0,0,2,0,0,0,0,4,0,0,0,0,0,7,0,0,6,1,185,0,0
2675,0,0,0,0,0,380,0,0,0,3300,0,116,0,181,0,278,0,724,9,0,2,6,0,0,0,1,0,0,0,290,0,0,0,0,15,0,0,0,0,0,0,0,0,4,0,0,0,0,1,0,3,0,1,3,0,0,0,0,0,0,0,0,0,0,0,0,0,0,25,0,0,0,0,0,0,0,0,0,0,0,14,0,0,0,4,44,0,0,0,3,4,21,8,618,1,0,0,111,0,0,0,2,1,0,0,85,1532,310,17,232,2,0,0,0,0,0,7,8,0,36,0,0,0,0,1,0,0,0,0,7,1,0,0,0,0,0,0,0,2,51,11,0,12,0,0,0,0,0,0,0,0,0,0,0,10,0,0,0,28,0,0,0,0,0,0,0,0,0,1,0,0,0,4,0,0,0,0,0,0,0,0,0,0,0,0,0,0,0,12,0,0,0,0,0,0,0,0,0,2,23,0,0,45,0,4,0,0
5148,0,1,0,0,0,216,7,0,0,1909,0,50,0,153,0,116,0,743,7,0,14,4,0,3,0,0,0,0,0,111,1,0,0,0,28,0,0,0,0,0,0,0,0,0,0,0,0,0,0,0,0,0,0,0,0,0,0,0,0,0,0,0,0,0,0,0,0,0,74,0,0,3,0,0,0,0,0,0,1,0,33,0,0,0,1,67,0,0,0,76,0,26,4,410,0,0,0,35,1,1,0,0,1,0,1,202,505,342,14,849,0,0,0,0,0,0,107,3,0,14,0,0,0,2,4,0,0,3,0,4,27,0,0,0,0,0,0,0,1,344,4,0,111,0,4,0,0,0,0,0,0,0,0,4,67,20,0,0,18,0,0,0,0,3,0,0,0,2,2,0,0,0,6,0,0,0,0,0,0,0,0,0,0,1,0,0,0,0,4,0,0,0,0,0,0,0,0,0,1,24,0,0,72,0,53,1,0
5432,0,1,0,0,0,250,4,0,0,2474,0,64,0,71,0,143,100,469,8,0,37,15,0,0,0,0,0,0,0,51,3,0,0,0,6,0,0,0,0,0,0,0,0,0,0,0,0,0,0,0,5,1,0,3,0,0,0,0,0,0,0,0,0,0,0,9,0,0,132,0,0,0,0,0,1,0,0,0,3,0,50,0,0,0,1,76,0,0,0,129,0,8,5,237,0,0,1,86,6,2,0,0,0,0,4,336,230,207,57,684,0,0,0,0,166,0,138,0,0,25,0,0,0,0,78,0,0,4,0,74,15,4,0,0,1,0,0,0,4,226,0,3,352,0,8,0,0,0,0,0,0,0,0,11,5,15,0,2,6,0,0,0,0,1,0,0,0,1,3,0,5,0,0,0,0,0,0,0,0,0,0,0,0,0,0,0,0,0,50,1,0,2,0,0,0,0,0,0,1,48,0,0,64,1,75,0,0
2855,0,0,0,0,0,377,2,0,0,2638,0,99,0,77,0,389,0,297,6,0,3,0,0,0,0,0,0,0,0,163,1,0,0,0,2,0,0,0,0,0,0,0,0,1,0,0,0,0,0,0,0,0,3,4,0,0,0,0,0,0,0,0,0,0,0,1,0,0,16,0,0,0,0,0,0,0,0,0,2,0,41,0,0,0,0,31,0,0,0,10,0,10,2,871,0,0,1,142,0,5,0,1,0,0,0,81,2112,320,8,281,6,0,0,0,2,0,13,0,0,0,0,0,0,0,0,0,0,0,0,1,2,1,0,0,0,0,0,0,2,14,0,2,1,0,1,0,0,0,0,0,0,0,0,0,11,0,0,0,16,0,0,0,0,0,0,0,0,2,1,0,0,0,2,0,0,0,0,0,0,0,0,0,0,0,0,0,0,0,29,1,0,1,0,0,0,0,0,0,0,25,0,0,26,1,8,0,0
3166,0,9,0,0,0,498,0,0,0,1660,0,131,0,197,0,246,0,691,12,0,4,0,0,0,0,0,0,0,0,200,10,0,0,0,4,0,0,0,0,0,0,0,0,0,0,0,0,0,0,0,4,1,0,4,0,0,0,0,0,0,0,0,0,0,0,0,0,0,22,0,0,0,0,0,1,0,0,0,2,0,66,0,0,0,0,47,0,0,0,5,1,3,0,745,0,0,1,52,2,5,0,1,1,0,1,44,1550,530,12,190,0,0,0,0,0,0,29,2,0,1,0,0,0,0,1,0,0,5,0,5,0,0,0,0,0,0,0,0,6,20,0,2,2,0,3,0,0,0,0,0,0,0,0,1,8,0,0,1,6,0,0,0,0,1,0,0,0,2,0,0,2,0,0,0,0,0,0,0,0,0,0,0,0,1,0,0,0,0,3,0,0,0,0,0,0,0,0,0,0,20,0,0,41,0,10,0,0
2817,0,5,0,0,0,688,0,0,0,1249,0,94,0,45,0,330,0,552,18,0,0,0,0,0,0,0,0,0,0,189,3,0,0,0,1,0,0,0,0,0,0,0,0,4,0,0,0,3,0,0,2,0,0,36,0,0,0,0,0,0,0,0,0,0,0,1,0,0,9,0,0,0,0,0,0,0,0,0,6,0,31,0,0,0,1,23,0,0,0,3,0,7,2,902,0,0,0,262,0,7,0,1,0,0,0,37,1948,437,12,47,0,0,0,0,0,0,12,10,0,0,0,0,0,0,1,0,0,0,0,1,0,0,0,0,0,0,0,0,6,10,0,1,1,0,4,0,0,0,0,0,0,0,0,0,22,0,0,1,12,0,0,0,0,0,0,0,0,1,1,0,1,0,3,0,0,0,0,0,0,0,1,0,0,1,0,0,0,1,9,4,0,0,0,0,0,0,1,0,3,12,1,0,19,0,3,0,0
3361,0,7,0,0,0,172,33,0,0,2132,0,37,0,105,0,44,19,14,7,0,29,11,0,2,0,0,0,0,0,31,1,0,1,0,3,0,0,0,242,0,0,2,0,2,0,7,0,2,0,0,0,0,0,9,0,0,0,0,0,0,0,0,0,0,1,1,0,0,231,0,0,0,0,5,0,17,0,0,0,0,36,0,2,0,3,66,0,1,1,163,0,23,5,302,0,0,0,98,6,24,0,1,2,0,4,542,527,258,0,1057,0,2,2,0,207,0,141,1,0,0,1,0,0,3,15,0,0,1,0,30,47,3,0,0,0,1,1,0,10,149,16,2,134,0,2,1,0,0,0,0,0,0,0,4,348,51,1,0,3,1,0,0,0,2,0,0,0,3,3,0,14,1,2,0,0,0,0,0,0,0,11,0,0,0,0,0,0,0,0,0,0,0,0,0,0,0,0,0,2,108,0,0,58,1,275,0,0
4576,0,5,0,0,2,295,12,0,1,2843,0,121,0,227,0,102,0,366,10,2,0,5,0,0,0,0,1,0,0,198,2,0,0,0,1,0,0,0,21,0,0,0,0,1,0,1,0,3,0,0,0,2,2,0,0,0,0,0,0,0,0,0,0,0,0,0,0,0,74,0,0,1,0,8,1,0,0,0,1,0,193,0,0,0,6,56,0,0,0,32,1,14,9,1278,0,0,0,98,0,8,0,2,1,0,0,55,1643,483,0,331,1,0,0,0,6,0,33,0,0,0,0,0,0,0,2,0,0,0,0,1,26,1,0,0,0,0,0,0,3,62,0,0,18,1,0,0,0,0,1,0,0,0,0,0,82,3,0,0,4,0,0,0,0,0,0,0,0,0,0,0,0,1,5,0,0,0,0,0,0,0,2,0,0,0,0,0,0,1,0,0,0,0,0,0,0,0,0,0,2,31,0,0,27,0,20,0,0
4075,0,3,0,0,2,258,5,0,0,3170,1,68,0,259,0,63,1,472,2,0,2,5,0,0,0,0,0,0,0,181,2,1,0,0,2,0,0,0,17,0,0,0,0,1,0,0,0,5,0,0,0,2,0,5,0,0,0,0,0,0,0,0,0,0,0,0,0,0,273,0,1,1,0,0,0,0,0,0,0,0,76,0,0,0,2,36,0,0,0,46,0,26,4,1034,0,1,0,85,0,6,1,0,0,0,0,124,1167,197,0,335,0,0,0,0,9,0,66,3,0,0,0,0,0,0,0,0,0,6,0,9,12,0,0,0,0,0,0,0,3,86,0,0,13,0,1,0,0,0,0,0,0,0,0,1,98,1,0,0,4,0,0,0,0,4,0,0,0,1,0,0,3,0,4,0,0,0,0,1,0,0,2,0,0,0,0,0,0,0,0,0,0,0,0,0,0,0,0,0,1,18,0,0,76,0,51,0,0
2798,0,1,0,0,0,417,10,0,1,5258,0,89,0,105,0,317,1,155,0,0,0,20,0,0,0,0,0,0,0,171,8,0,0,0,6,0,0,0,6,0,0,2,0,6,0,0,0,3,0,0,0,1,0,14,0,0,0,0,0,0,0,0,0,0,0,0,0,0,66,0,0,0,0,1,0,4,0,0,1,0,34,0,0,0,0,21,0,0,0,27,1,60,6,643,0,0,0,123,0,4,2,0,0,0,0,41,849,399,0,692,4,0,0,0,10,0,37,3,0,0,0,0,0,2,2,0,0,7,0,0,18,0,0,0,0,0,0,0,3,96,0,0,4,0,0,0,1,0,0,0,0,0,0,0,54,7,0,0,9,0,0,0,0,0,0,0,0,3,0,0,1,0,14,0,0,0,0,0,0,0,4,0,0,0,0,0,0,0,0,0,0,0,0,0,0,1,0,0,2,29,0,0,68,0,91,0,1
1403,0,3,0,0,1,873,1,0,0,372,0,84,0,107,0,104,0,262,23,0,0,0,0,1,0,0,0,0,0,225,10,0,0,0,1,0,0,0,0,0,0,0,0,6,0,0,0,1,4,0,2,4,0,12,0,0,0,0,0,0,0,1,0,0,1,0,0,2,8,0,2,0,0,0,1,0,0,0,2,0,5,0,0,5,47,15,0,2,0,3,1,2,0,2672,0,0,0,19,1,5,0,12,2,0,0,0,1971,214,1,23,2,0,0,0,0,0,2,8,0,2,0,0,0,0,0,3,0,0,0,0,0,0,0,0,0,0,0,1,14,2,1,0,2,0,2,0,0,0,0,0,0,0,0,0,9,0,0,2,10,2,0,0,0,0,0,0,0,1,0,0,0,10,20,0,1,0,0,0,0,0,14,0,0,0,0,0,0,0,0,0,0,1,0,0,0,0,0,0,0,1,0,0,5,0,4,0,0
1277,1,9,0,0,1,932,0,0,0,1403,0,121,0,33,0,141,2,71,61,0,0,0,0,5,0,0,0,0,0,164,15,0,0,0,0,0,0,0,0,0,0,4,0,52,2,0,0,4,7,1,2,9,0,27,0,0,0,0,0,0,0,0,0,0,0,1,1,0,2,0,4,3,0,0,1,0,0,0,10,0,1,1,0,14,128,1,2,3,0,0,8,0,0,1250,6,0,0,6,0,3,0,8,1,0,0,3,907,166,0,36,0,0,0,0,0,0,0,44,0,8,0,1,0,0,2,0,0,0,0,0,2,0,0,0,4,0,0,8,64,10,0,1,0,0,8,0,0,0,0,0,2,0,0,0,6,0,0,8,13,1,0,0,0,1,0,0,0,3,0,0,0,23,15,1,1,0,0,0,0,0,10,0,0,1,0,0,0,0,1,0,0,0,0,0,0,2,0,0,8,2,0,0,2,1,1,0,0
1530,0,0,0,0,0,767,0,0,0,803,0,156,0,109,0,329,0,91,11,0,0,0,0,0,0,0,0,0,0,296,8,0,0,0,2,0,0,0,0,0,0,0,0,19,0,0,0,1,0,0,0,1,0,8,0,0,0,0,0,0,0,0,0,0,0,4,0,0,6,0,1,1,0,0,0,0,0,0,2,0,19,0,0,0,5,16,0,0,0,3,3,6,0,2363,0,0,0,91,0,13,0,1,0,0,0,4,2315,237,2,394,0,0,0,0,0,0,3,9,0,0,0,0,0,0,0,0,0,0,0,0,4,0,0,0,0,0,0,0,32,43,0,1,1,0,4,0,0,0,0,0,0,0,0,0,90,0,0,0,27,0,0,0,0,0,0,0,0,2,1,0,0,0,1,0,0,0,0,0,0,0,1,0,0,0,0,0,2,0,3,0,0,0,0,0,0,6,0,0,8,9,0,0,16,0,12,0,0
3830,0,0,0,0,0,348,1,0,0,870,0,69,0,123,0,94,0,1508,3,0,16,2,0,0,0,0,0,0,0,148,0,0,0,0,0,0,0,0,0,0,0,0,0,0,0,0,0,0,2,0,0,0,0,1,0,0,0,0,0,0,0,0,0,0,0,0,0,0,99,0,0,0,0,0,0,0,0,0,0,0,8,0,0,0,1,42,0,0,0,23,0,3,2,805,1,0,0,155,0,1,0,1,18,0,0,63,1375,236,6,208,0,0,0,0,13,0,34,0,0,2,0,0,0,0,1,0,0,4,0,9,3,0,0,0,0,0,0,0,11,104,0,0,62,0,0,0,0,0,0,0,0,0,0,1,46,17,0,0,8,0,0,0,0,1,0,0,0,0,1,0,0,0,1,0,0,0,0,0,0,0,1,0,0,0,0,0,0,0,2,0,0,0,0,0,0,0,0,0,3,5,0,0,40,0,203,0,0
6582,0,4,0,7,0,243,4,0,0,795,0,59,0,259,0,4,0,1213,0,0,8,0,0,0,0,0,0,0,0,198,3,0,0,0,10,0,0,0,0,0,0,1,0,3,0,0,0,17,0,0,0,0,1,5,0,0,0,0,0,0,0,0,0,0,0,0,0,0,130,0,1,3,0,0,0,0,0,0,0,0,48,0,0,0,6,106,0,0,0,144,0,28,3,1064,0,0,0,6,0,1,1,2,0,0,2,87,320,132,5,15,2,0,0,0,7,0,376,8,0,0,0,0,0,3,3,0,0,2,0,30,3,0,0,0,0,0,0,0,0,8,61,0,76,0,3,0,0,0,0,0,0,0,0,18,25,5,0,0,0,0,0,0,0,1,0,0,0,1,0,0,4,1,0,0,0,0,0,0,0,0,2,0,0,1,0,0,0,0,0,0,0,0,0,5,0,0,0,0,0,4,0,0,12,0,338,0,0
3302,0,11,0,1,0,767,4,0,0,963,0,121,0,199,0,26,2,849,2,0,5,0,0,0,0,0,0,0,0,194,33,0,1,0,3,0,0,0,0,0,0,3,0,27,0,0,0,60,0,0,5,4,1,13,0,0,0,0,0,0,0,0,0,0,0,4,0,0,44,0,0,1,0,0,3,1,0,0,0,0,24,0,0,0,12,34,0,0,0,46,12,19,2,863,0,1,3,22,0,4,2,18,0,0,1,48,634,150,7,32,1,0,0,0,0,1,101,36,0,0,0,2,0,1,3,0,0,1,0,20,1,0,0,0,0,0,0,1,3,19,55,0,81,0,6,0,0,0,0,0,0,0,0,4,19,0,0,0,7,0,0,0,0,1,0,0,0,1,0,0,9,1,10,0,1,0,0,0,0,0,6,0,0,2,0,0,0,0,0,0,0,0,0,0,0,0,0,0,0,6,0,0,11,0,99,0,0
5573,0,1,0,0,0,453,6,0,0,1680,0,63,0,166,0,21,0,730,4,0,7,0,0,0,0,0,0,0,0,244,9,0,0,0,5,0,0,0,0,0,0,1,0,9,0,2,0,8,0,0,5,0,0,8,0,0,0,0,0,0,0,0,0,0,0,0,0,0,34,0,0,1,0,0,0,0,0,0,0,0,39,0,0,0,2,136,0,0,0,91,8,36,0,1089,0,1,0,144,0,8,2,7,0,0,1,124,1065,128,4,83,0,0,0,0,5,0,249,4,0,0,0,0,0,2,3,0,0,6,0,20,3,0,0,0,0,0,0,0,0,24,39,0,57,0,1,0,0,0,0,0,0,0,0,15,128,2,0,0,6,0,0,0,0,2,0,0,0,0,0,0,6,0,1,0,1,0,0,0,0,0,0,0,0,1,0,0,0,0,0,0,0,0,0,6,0,0,0,0,0,5,0,0,5,0,470,1,0
5027,0,5,0,0,0,167,8,0,1,44,0,32,0,289,0,1,0,388,0,0,30,0,0,0,0,0,0,0,0,104,1,0,0,0,5,0,0,0,0,0,0,0,0,0,0,1,0,0,0,0,3,0,0,1,0,0,0,0,0,0,0,0,0,0,2,0,0,0,8,0,1,1,0,0,0,9,0,0,0,0,18,0,0,0,0,83,0,1,2,216,0,25,3,36,0,3,0,35,1,6,0,5,2,0,4,178,1521,179,5,369,0,0,0,0,267,0,107,1,0,0,0,0,0,2,2,0,0,0,0,30,1,0,0,0,0,0,0,0,3,28,42,0,34,3,10,0,0,0,0,0,0,0,0,15,144,1,0,0,8,0,0,0,0,0,0,0,0,1,0,0,1,0,3,0,0,0,1,0,20,0,0,0,0,0,0,0,0,0,0,0,0,0,0,25,0,0,0,0,1,13,13,0,4,0,419,40,0
6435,0,1,2,0,0,432,23,0,4,191,0,75,0,317,0,27,0,195,1,0,17,12,1,2,0,0,0,0,0,159,2,1,3,0,8,0,0,0,0,0,0,1,0,0,0,1,0,0,0,0,2,0,0,6,0,0,0,0,0,0,0,0,0,0,0,1,0,0,17,0,0,1,0,0,1,8,0,0,3,0,32,0,0,0,0,86,0,1,3,242,0,39,1,599,0,1,0,17,2,9,0,3,0,0,3,284,212,146,21,569,0,3,0,0,74,0,167,1,0,7,0,0,0,6,14,0,0,6,1,35,45,0,0,0,2,0,0,0,2,229,3,0,72,0,0,0,0,0,0,0,1,0,0,9,122,0,0,0,15,0,0,0,0,2,0,0,0,1,0,0,1,0,12,0,0,0,0,0,0,0,1,0,0,0,0,0,0,0,51,0,0,0,0,5,0,0,0,1,2,28,19,0,58,1,235,11,0
8579,0,0,0,0,0,344,3,0,1,2319,0,84,0,401,0,3,0,599,1,0,25,0,1,0,0,1,0,0,0,89,0,3,1,0,5,0,0,0,0,0,0,1,1,0,0,1,0,10,0,0,4,0,1,0,1,0,0,0,0,0,0,0,0,0,0,0,1,1,144,0,0,0,0,0,0,0,0,0,0,1,36,0,0,0,0,123,0,0,0,261,0,4,4,561,0,0,0,28,3,4,0,0,0,0,3,127,130,56,10,63,1,0,0,0,16,0,163,1,0,1,0,0,0,0,3,0,0,1,0,36,3,0,0,0,1,0,0,0,1,32,136,0,63,1,0,0,0,0,0,0,1,0,0,20,173,1,0,0,25,0,0,0,0,1,0,0,0,2,0,0,1,0,2,0,2,0,0,0,7,0,1,0,0,2,0,0,0,0,0,0,0,0,0,74,0,0,0,0,0,0,12,0,1,0,801,25,0
7750,0,6,0,1,0,216,11,0,1,177,0,128,0,137,0,53,0,1506,4,0,13,1,0,1,0,0,0,0,0,274,0,0,4,0,17,0,0,0,0,0,0,0,0,5,0,0,0,2,1,0,3,0,3,3,0,0,0,0,0,0,0,0,0,0,3,0,0,0,79,0,0,0,0,0,2,3,0,0,0,0,82,0,0,0,3,81,1,0,1,234,0,33,5,165,0,1,0,82,3,2,1,0,4,0,0,126,249,1086,13,276,1,0,2,0,9,0,183,1,0,15,0,0,0,0,2,0,0,4,0,23,34,0,0,0,0,0,0,0,5,59,0,0,76,1,4,0,0,0,0,0,0,1,0,8,90,1,0,3,7,0,1,0,0,0,0,0,0,2,1,0,4,0,4,0,0,0,0,0,0,0,0,0,0,1,0,0,0,0,0,0,0,0,0,31,0,0,0,1,4,19,0,0,26,0,188,2,0
6030,0,4,0,0,1,345,37,0,1,1905,0,114,0,162,0,445,2,288,5,0,5,4,0,5,0,0,0,0,0,111,1,0,0,0,19,0,0,0,0,0,0,0,0,6,0,0,0,0,0,0,3,0,0,5,0,0,0,0,0,0,0,0,0,0,0,1,1,0,57,0,0,1,0,0,0,2,0,0,8,0,27,0,0,2,1,62,0,0,0,217,0,73,11,59,0,0,2,195,0,10,0,4,5,0,4,326,540,1002,30,1041,4,0,2,0,6,0,131,0,0,61,0,0,0,4,1,0,0,8,0,18,70,1,0,0,0,0,0,0,9,276,0,0,273,1,5,0,0,0,0,0,0,1,0,3,185,0,0,4,15,0,0,2,1,0,0,0,0,0,0,0,2,0,13,0,0,0,0,0,0,0,0,0,0,0,0,0,0,0,0,0,0,0,0,21,0,0,0,0,6,38,3,0,49,0,218,3,0
7460,3,10,0,0,3,789,8,0,0,121,2,187,1,460,0,27,2,1358,4,0,16,2,0,2,0,0,1,0,0,105,5,0,1,0,18,0,0,0,0,0,0,1,0,22,1,0,1,7,2,0,7,1,1,6,0,0,0,0,0,0,0,0,0,0,0,1,0,2,156,0,5,0,0,0,3,3,0,0,3,0,244,1,0,10,20,66,2,0,1,271,0,101,3,68,0,0,2,19,0,19,2,3,2,0,1,130,338,889,16,318,2,0,0,0,0,3,187,25,0,6,1,0,0,3,2,0,0,4,0,34,21,0,0,0,1,0,0,1,19,105,0,0,351,1,8,0,0,0,0,0,0,0,0,19,8,4,0,3,2,1,0,1,0,5,0,0,0,2,0,0,1,0,12,0,0,0,0,0,0,0,6,0,0,0,0,0,0,0,0,0,0,1,0,3,0,0,0,0,5,27,0,0,25,1,113,2,0
8105,0,9,1,0,1,320,32,0,0,323,0,152,0,355,0,153,0,332,4,0,15,4,0,7,0,0,0,0,0,102,0,0,0,0,13,0,0,0,0,0,0,0,0,9,0,0,0,0,0,0,4,0,0,2,0,0,0,0,0,0,0,1,0,0,0,1,0,0,177,1,0,0,0,0,3,1,0,0,1,0,57,0,0,0,3,76,0,0,0,258,0,71,11,192,0,1,0,57,0,7,0,1,0,0,1,191,532,860,26,1060,0,0,0,0,14,0,140,2,0,20,0,0,0,1,12,0,0,10,0,18,142,0,0,0,0,0,0,0,9,388,0,0,139,0,1,0,0,0,0,0,0,0,0,2,55,0,0,1,12,0,0,1,0,1,0,0,0,3,1,0,0,0,17,0,0,0,0,0,2,0,8,0,0,1,0,0,0,0,0,0,0,0,0,50,0,0,0,0,5,21,0,0,66,1,166,1,0
2194,0,0,0,0,1,1087,2,0,0,3990,0,478,0,115,0,123,0,106,27,0,1,0,0,3,0,2,2,0,0,538,0,3,0,0,6,0,0,0,0,0,0,2,0,46,0,0,0,0,0,0,3,0,3,0,0,0,0,0,0,0,0,0,0,0,0,4,0,0,9,0,1,0,0,0,1,0,0,0,2,0,12,0,0,2,4,5,0,1,0,1,31,6,3,543,0,0,5,60,1,7,0,0,0,0,0,13,2421,440,16,431,5,0,0,0,0,0,3,14,0,15,0,0,0,0,1,0,0,0,0,0,5,0,0,0,0,0,0,0,21,66,0,0,5,0,11,0,0,0,0,0,0,0,0,0,1,0,0,0,75,0,0,0,0,1,0,0,0,1,0,0,1,1,3,0,0,0,1,0,0,0,0,0,0,1,0,0,0,0,8,1,0,2,0,0,0,0,3,0,2,8,0,0,14,0,1,0,0
2825,0,28,0,0,0,661,0,0,0,2377,0,155,0,161,0,532,0,250,6,0,0,2,0,1,0,2,0,0,0,182,2,8,0,0,2,0,0,0,0,0,0,0,0,0,0,0,0,0,0,0,0,0,2,5,0,0,0,0,0,0,0,0,0,0,0,5,2,0,5,0,0,0,0,0,1,0,0,0,2,0,10,0,0,0,0,25,0,1,0,2,1,35,2,329,0,0,0,262,0,2,0,2,0,0,0,60,1529,965,61,978,0,0,0,0,0,0,0,1,0,27,0,0,0,0,9,0,0,1,0,0,15,0,0,0,0,0,0,0,11,124,0,0,1,0,2,0,0,0,0,0,0,0,0,0,5,0,0,0,30,0,0,0,0,0,0,0,0,0,0,0,0,0,37,0,0,0,0,0,0,0,0,0,0,1,0,0,0,0,49,2,0,0,0,0,0,0,0,0,2,17,0,0,52,0,0,0,0
3035,0,34,0,0,0,586,2,0,0,2403,0,140,0,294,0,503,0,205,13,0,3,1,0,0,0,0,0,0,0,268,4,0,0,0,6,0,0,0,0,0,0,1,0,1,0,0,0,0,0,0,1,0,0,1,0,0,0,0,0,0,0,0,0,0,0,0,1,0,69,0,0,0,0,0,0,0,0,0,1,0,33,0,0,0,1,66,0,0,0,3,7,44,7,500,0,0,0,376,1,4,0,0,0,0,0,72,1901,879,14,738,2,0,0,0,0,0,0,8,0,22,0,0,0,0,2,0,1,8,0,0,13,0,0,0,0,0,0,0,2,127,0,0,5,0,3,0,0,0,0,0,0,0,0,0,3,0,0,1,24,0,0,0,0,2,0,0,0,0,3,0,0,0,64,0,0,0,0,0,0,0,0,0,0,0,0,0,0,0,124,0,0,0,0,0,0,0,0,0,1,3,0,0,63,0,6,0,0
3443,0,0,0,0,0,621,2,0,0,450,0,420,0,387,0,14,0,1192,1,0,1,0,0,0,0,1,0,0,0,225,0,0,0,0,13,0,0,0,0,0,0,0,0,1,0,0,0,9,0,0,1,1,0,0,0,0,0,0,0,0,0,0,0,0,0,0,0,0,35,0,0,0,0,0,0,0,0,0,1,0,59,0,0,0,1,35,0,0,0,2,3,3,3,846,0,0,0,41,0,1,0,1,0,0,0,14,3161,754,4,287,2,0,0,0,0,0,1,5,0,0,0,0,0,0,0,0,4,0,0,0,26,0,0,0,0,0,0,0,1,8,0,0,1,0,0,0,0,0,0,0,0,0,0,0,15,0,0,0,13,0,0,0,0,0,0,0,0,0,0,0,0,0,0,0,0,0,0,0,0,0,0,0,0,0,0,0,0,0,0,0,0,0,0,0,0,0,0,0,2,16,1,0,9,0,1,0,0
8431,0,0,0,0,0,139,15,0,0,309,0,85,0,335,0,4,0,963,0,0,43,0,0,0,0,0,0,0,0,99,6,0,0,0,26,1,0,0,0,0,0,1,0,0,0,0,0,8,0,14,0,0,0,3,0,0,0,0,0,0,0,0,0,0,0,0,0,0,551,0,0,0,0,0,2,0,0,0,0,0,90,0,0,1,7,156,0,0,0,326,1,15,5,1075,0,0,0,17,0,2,1,1,2,0,0,187,296,33,0,13,0,0,0,0,1,0,278,9,0,0,0,0,0,0,0,0,0,7,0,34,0,0,0,0,0,0,0,0,0,3,0,0,45,0,0,0,0,0,0,0,0,0,0,0,31,0,0,0,0,0,0,0,0,0,0,0,0,0,0,0,0,0,1,0,0,0,0,0,0,0,3,0,0,0,0,0,0,0,0,0,0,0,0,64,0,0,0,0,1,0,0,0,22,0,322,5,0
6118,0,0,1,0,0,405,11,0,0,851,0,93,0,302,0,111,0,490,10,0,3,0,0,0,0,0,0,0,0,255,4,0,0,0,10,5,0,0,0,0,0,3,1,24,0,0,0,17,0,0,0,1,0,20,0,0,0,0,0,0,0,0,0,0,0,9,0,1,333,0,3,8,0,0,0,0,0,0,22,0,131,0,0,0,12,61,0,0,0,238,10,18,5,513,0,0,0,681,0,8,6,3,1,0,2,185,770,34,0,353,1,0,0,0,0,0,66,16,0,2,0,0,0,0,0,0,0,0,0,0,0,0,0,0,0,0,0,0,6,48,0,0,55,0,2,0,0,0,0,0,0,0,0,7,124,0,0,0,11,1,0,0,0,0,0,0,0,0,0,0,0,0,6,0,0,0,0,0,0,0,4,0,0,0,0,0,0,0,0,0,0,0,0,18,0,0,0,0,5,0,0,0,49,0,279,0,0
6870,0,0,0,0,0,207,37,0,0,422,0,65,0,405,0,39,0,550,0,0,15,0,0,0,0,0,0,0,0,358,6,0,0,0,22,2,0,0,0,0,0,0,0,4,0,0,0,2,0,0,0,0,0,3,0,0,0,0,0,0,0,1,0,0,0,3,0,0,506,0,2,2,0,0,0,0,0,0,4,0,218,0,0,0,1,55,0,0,0,327,3,16,2,735,0,0,0,535,0,2,2,2,0,0,0,263,138,26,0,81,2,0,1,0,0,0,74,8,0,0,0,0,0,0,0,0,0,15,0,0,0,0,0,0,0,0,0,0,3,34,0,0,0,0,0,0,0,0,0,0,0,0,0,5,291,1,0,0,1,1,0,0,0,1,0,0,0,0,0,0,2,0,0,0,0,0,0,0,0,0,0,0,0,0,0,0,0,0,0,0,0,0,0,0,0,0,0,0,7,16,0,0,14,0,224,0,0
7797,0,0,0,0,0,59,3,0,0,25,0,22,0,282,0,0,0,1426,1,0,16,0,0,0,0,0,0,0,0,83,6,0,0,0,17,0,0,0,0,0,0,0,0,0,0,0,0,8,0,0,3,0,1,6,0,0,0,0,0,0,0,0,0,0,0,0,0,0,761,0,0,1,0,0,0,0,0,12,0,0,49,0,0,1,7,84,0,0,0,371,1,13,0,962,0,0,0,1,0,1,1,1,0,0,0,67,46,36,0,9,0,0,0,0,2,0,79,13,0,1,0,0,0,0,0,0,0,10,0,76,0,0,0,0,0,0,0,0,0,0,0,0,604,0,3,0,0,0,0,0,0,0,0,3,5,0,0,1,0,0,0,0,0,5,0,0,0,0,0,0,0,0,8,0,0,0,0,0,0,0,11,0,0,0,0,0,0,0,0,0,0,0,0,62,0,1,0,0,0,0,0,0,16,0,134,1,0
6474,0,0,0,0,0,179,12,0,0,1471,1,72,0,384,0,2,0,876,3,0,8,0,0,0,0,0,0,0,0,139,2,0,0,0,15,0,0,0,0,0,0,0,0,0,0,0,0,0,0,0,6,4,0,0,0,0,0,0,0,0,0,0,0,0,0,1,0,0,324,0,0,2,0,0,0,0,0,0,1,0,118,0,0,0,2,97,0,0,0,49,0,82,9,604,0,0,0,96,0,3,0,2,3,0,0,108,844,123,10,191,0,0,0,0,0,0,135,0,0,0,0,0,0,0,0,0,0,0,0,0,0,0,0,0,0,0,0,0,1,105,0,0,12,0,2,0,0,0,0,0,0,0,0,0,50,0,0,0,5,0,0,0,0,0,0,0,0,0,0,1,0,0,1,0,0,0,0,0,0,0,0,0,0,0,0,0,0,0,0,0,0,0,0,4,0,0,0,0,2,11,0,0,22,2,96,3,0
5489,0,1,0,0,0,437,8,0,0,1569,1,58,0,385,0,29,0,829,2,0,3,0,0,0,0,0,0,0,0,227,1,0,0,0,6,0,0,0,0,0,0,0,0,0,0,0,0,12,0,0,2,1,0,6,0,0,0,0,0,0,0,1,0,0,0,0,0,0,156,0,0,3,0,0,1,0,0,0,0,0,130,1,0,0,1,68,0,0,0,44,1,80,5,850,0,0,0,265,0,2,0,2,1,0,0,56,680,138,7,117,0,0,0,0,0,0,134,5,0,0,0,0,0,0,0,0,0,0,0,0,0,0,0,0,0,0,0,0,1,23,0,0,24,0,0,0,0,0,0,0,0,0,0,0,13,1,0,0,5,0,0,0,0,0,0,0,0,1,0,0,3,0,1,0,0,0,0,0,0,0,0,0,0,0,0,0,0,0,0,0,0,0,0,13,0,0,0,0,2,13,0,0,27,0,86,2,0
3343,0,0,0,0,0,192,6,0,0,3554,0,12,0,125,0,37,0,543,0,0,5,0,0,0,0,0,0,0,0,112,1,0,0,0,7,0,0,0,0,0,0,0,0,0,0,0,0,3,0,0,2,1,3,0,0,0,0,0,0,0,0,0,0,0,0,0,0,0,18,0,0,1,0,0,0,0,0,0,0,0,23,0,0,0,0,64,0,0,0,47,0,13,7,245,0,0,0,1268,1,6,0,0,0,0,0,289,512,249,26,234,4,0,0,0,0,0,202,8,0,1,0,0,0,0,0,0,0,1,0,0,0,0,0,0,0,0,0,0,0,121,0,0,2,0,2,0,0,0,0,0,0,0,0,2,271,0,0,0,15,0,0,0,0,3,0,0,0,0,1,0,3,0,1,0,0,0,0,0,0,0,0,0,0,1,0,0,0,0,0,0,0,0,0,0,0,0,0,0,0,39,0,0,70,0,79,0,0
3665,0,1,0,0,0,360,14,0,0,1829,0,61,0,246,0,252,0,450,3,0,6,0,0,0,0,0,0,0,0,195,0,0,1,0,5,0,0,0,0,0,0,0,0,0,0,0,0,7,0,0,9,0,2,0,0,0,0,0,0,0,0,0,0,0,0,3,0,0,46,0,0,1,0,0,0,0,0,8,1,0,55,0,0,0,0,32,0,0,0,39,0,13,12,766,0,1,0,366,0,5,0,2,0,0,0,155,1739,477,31,319,0,0,0,0,0,0,180,0,0,0,0,0,0,0,0,0,0,0,0,0,0,0,0,0,0,0,0,0,0,144,0,0,1,0,1,0,0,0,0,0,0,0,0,2,149,2,0,0,35,0,0,0,0,0,0,0,0,0,0,0,1,0,2,0,0,0,0,0,0,0,0,0,0,0,0,0,0,0,0,0,0,0,0,0,0,0,0,0,0,25,0,0,53,1,92,1,0
5500,0,0,0,0,0,388,11,4,0,1654,1,105,0,306,0,27,1,978,0,0,3,0,0,0,0,0,0,0,0,183,1,0,0,0,2,0,0,0,0,0,0,0,0,3,0,1,0,19,0,0,3,4,0,19,0,0,0,0,0,0,0,0,0,0,0,1,0,0,64,0,0,4,0,0,0,1,0,0,0,0,150,0,0,1,2,74,0,0,0,93,0,16,4,1229,0,0,0,117,0,0,1,3,3,0,0,138,440,63,0,8,1,0,0,0,14,0,84,7,0,0,0,0,0,0,0,0,0,0,0,30,0,0,0,0,0,0,0,0,1,0,0,0,0,0,0,0,0,0,0,0,0,0,0,10,117,0,0,0,0,0,0,0,0,2,0,0,0,0,0,0,2,0,34,0,0,0,0,0,0,0,0,0,0,1,0,0,0,0,0,1,0,0,0,33,0,8,0,0,0,3,4,0,1,0,173,0,1
6281,0,0,0,0,0,243,15,6,0,165,0,48,0,389,0,5,0,1088,1,0,12,0,0,0,0,0,0,0,0,96,0,0,0,0,19,0,0,0,0,0,0,0,1,13,0,0,0,6,0,0,5,1,0,8,0,0,0,0,0,0,0,0,0,0,0,0,0,0,105,0,0,0,0,0,1,6,0,0,0,0,175,0,0,0,5,105,0,0,1,283,0,56,1,117,0,0,1,22,0,2,1,1,0,0,0,370,109,145,0,35,0,0,0,0,4,0,365,0,0,0,0,0,0,0,0,0,0,1,0,58,1,0,0,0,0,0,0,1,1,3,0,0,4,0,1,0,0,0,0,0,0,0,0,41,14,0,0,0,0,0,0,0,0,2,0,0,0,0,0,0,3,0,7,0,0,0,0,0,0,0,5,0,0,0,0,0,0,0,0,0,0,0,0,14,0,1,0,0,0,33,0,0,0,0,487,0,0
4376,1,0,0,0,1,258,40,0,0,1260,0,290,0,390,0,3,1,1229,2,0,10,0,0,1,0,0,1,0,0,236,3,0,0,0,26,0,0,0,0,0,0,0,0,11,0,4,0,2,0,0,2,2,2,8,0,0,0,0,0,0,0,0,0,0,0,1,2,2,98,0,2,3,0,0,0,2,0,2,5,0,184,0,0,0,0,32,0,0,1,51,0,44,5,1871,0,0,1,1,0,10,7,16,5,0,0,54,263,68,0,7,1,0,0,0,3,0,111,6,0,1,0,0,0,0,0,0,0,5,0,25,6,0,0,0,1,0,0,3,4,0,0,0,1,1,0,0,0,0,0,0,0,0,0,9,12,0,2,2,0,0,1,1,0,3,0,0,0,1,0,0,2,0,3,0,0,0,0,0,0,0,11,0,0,1,0,0,0,0,0,0,0,0,0,39,0,0,0,0,5,42,8,0,0,3,97,0,0
6515,0,1,0,0,0,318,15,0,0,1508,1,82,0,164,0,35,0,1011,0,0,16,0,0,0,0,0,1,0,0,76,1,0,0,0,14,0,0,0,0,0,0,0,0,4,0,0,0,9,0,0,2,3,2,10,0,1,0,0,0,0,0,0,0,0,0,0,0,0,55,0,0,0,1,0,1,5,0,0,0,1,73,0,0,0,1,89,0,0,0,188,0,30,1,231,0,0,0,186,0,2,3,0,1,0,0,369,167,210,0,63,1,0,0,0,17,0,208,4,0,0,0,0,0,5,0,0,0,1,0,45,5,0,0,0,2,0,0,0,0,1,0,0,9,0,0,0,0,0,0,0,0,0,0,28,42,0,0,1,0,0,0,0,0,3,0,0,0,0,0,0,3,0,22,0,0,0,0,0,0,0,3,0,0,1,0,0,0,0,0,0,0,0,0,11,0,1,0,0,3,40,5,0,9,0,456,0,0
7744,0,0,0,0,0,56,17,0,0,58,0,60,0,137,0,7,0,2098,2,0,20,1,0,0,1,0,0,0,0,103,0,0,0,0,16,0,0,0,0,0,0,0,0,0,0,0,0,4,0,0,0,0,2,2,0,0,0,0,0,0,0,0,0,0,1,0,0,0,60,0,0,2,0,1,0,0,0,0,0,0,131,0,0,0,1,109,0,0,0,223,3,23,3,592,0,0,0,19,0,3,1,0,1,0,0,185,141,86,0,12,0,1,0,0,1,0,238,0,0,0,0,0,0,0,0,0,0,3,0,0,1,0,0,0,0,0,0,1,0,2,0,0,14,0,0,0,0,0,0,0,0,0,0,17,63,0,0,0,1,0,0,0,0,3,0,0,0,1,0,0,0,0,0,0,0,0,0,0,0,0,2,0,0,2,0,0,0,0,0,0,0,0,0,61,0,0,0,0,2,9,0,0,2,0,224,0,0
5881,0,0,0,0,0,138,9,0,0,10,0,78,0,259,0,8,0,1966,0,0,12,0,0,0,0,0,0,0,0,122,3,0,2,0,17,0,0,0,0,0,0,0,0,2,0,0,0,3,0,0,4,0,5,1,0,0,0,0,0,0,0,0,0,0,0,0,0,0,238,0,0,0,0,0,0,1,0,0,2,0,211,0,0,0,0,83,0,0,1,90,0,24,2,1145,0,0,0,39,0,0,3,0,4,0,1,187,371,35,0,10,1,0,0,0,0,0,180,1,0,3,0,0,0,0,0,0,0,2,0,0,0,0,0,0,0,0,0,0,0,0,0,0,6,0,0,0,0,0,0,0,0,0,0,3,67,0,0,0,0,0,0,0,0,0,0,0,0,0,0,1,0,0,0,0,1,0,0,0,0,0,0,0,0,1,0,0,0,0,0,0,0,0,0,35,0,0,0,0,0,11,0,0,0,0,232,0,0
6772,0,0,0,0,0,160,16,0,1,17,0,79,0,129,0,13,0,1315,2,0,33,0,0,0,0,2,1,0,0,63,0,0,2,0,25,0,0,0,0,0,0,0,1,0,0,1,1,10,0,0,1,0,1,2,0,0,0,0,0,0,0,0,0,0,2,0,0,0,78,0,0,0,0,7,0,4,0,0,1,0,50,0,0,0,1,105,0,0,0,216,0,12,2,510,0,0,0,74,4,4,1,0,10,0,3,302,392,33,0,61,0,1,0,0,1,0,206,2,0,1,1,0,0,0,0,0,0,11,0,0,0,0,0,0,0,0,0,0,0,0,0,0,9,0,2,0,0,0,0,0,0,2,0,11,208,13,0,2,0,0,0,0,0,3,0,0,0,0,0,0,1,0,7,0,0,0,0,0,0,0,1,0,0,0,0,0,0,0,0,0,0,0,0,93,0,0,0,0,0,16,2,0,1,0,408,1,1
8474,0,0,0,0,0,501,16,0,0,26,0,131,0,279,0,0,0,1480,2,0,14,0,0,0,0,0,1,0,0,193,17,0,1,0,22,0,0,0,0,0,0,0,1,0,0,0,0,7,0,0,9,0,0,0,0,0,0,0,0,0,0,0,0,0,0,0,0,0,191,0,0,0,0,0,1,1,0,0,0,0,276,0,0,1,2,155,0,0,0,76,1,13,7,1089,0,0,0,0,0,0,4,5,4,0,0,0,356,277,0,16,2,0,0,0,0,0,308,12,0,0,0,0,0,0,0,0,0,10,0,0,0,0,0,0,0,0,0,0,0,1,0,0,284,0,0,0,0,0,0,0,0,0,0,0,32,0,0,0,2,0,0,0,0,3,0,0,0,0,1,0,0,0,0,0,0,0,0,0,0,0,0,0,0,0,0,0,0,0,0,0,0,0,0,0,0,0,0,0,0,12,1,0,0,1,74,0,0
3269,4,12,2,0,24,2836,2,0,0,275,3,388,1,149,0,94,4,1241,34,0,1,3,0,7,1,0,0,0,0,310,27,0,0,0,3,0,0,0,0,0,4,7,1,24,2,1,0,28,5,0,1,31,0,145,0,0,0,0,0,0,0,5,0,1,0,5,12,11,4,0,27,16,0,0,1,0,0,0,26,0,23,5,0,7,64,10,0,0,0,17,14,8,0,1308,0,0,29,30,1,43,0,31,1,0,1,7,880,325,0,48,0,0,0,1,0,0,10,63,0,5,3,0,0,0,8,0,0,0,0,0,0,3,0,1,0,1,0,1,10,4,0,17,1,0,6,1,0,0,0,1,6,0,0,0,4,0,0,2,16,1,8,7,0,0,0,0,0,24,0,0,0,5,118,1,3,0,1,1,0,0,50,0,16,1,0,1,0,5,1,3,0,3,0,4,0,15,1,3,19,3,0,0,10,17,12,3,0
3802,1,3,0,0,0,1378,0,0,0,119,0,454,1,282,1,18,0,1665,27,0,1,1,0,0,0,0,0,0,0,379,15,0,0,0,1,2,0,0,0,0,1,2,1,9,0,1,0,32,0,0,2,3,0,15,0,0,0,0,0,0,0,3,0,6,1,5,0,4,26,0,4,13,0,0,2,0,0,0,0,0,56,1,0,1,98,21,2,0,0,12,5,4,0,1354,0,0,46,47,0,8,0,37,0,0,5,5,2162,177,0,23,4,0,0,2,0,0,6,35,1,1,0,0,0,0,0,1,0,1,0,0,1,0,0,0,0,0,0,0,2,4,0,1,6,0,8,0,0,0,0,0,2,0,0,1,5,0,0,3,9,2,1,0,0,0,0,0,0,2,0,0,0,0,28,1,9,0,0,0,0,0,6,0,1,0,0,0,0,0,0,0,0,1,0,5,0,0,2,0,2,0,0,0,1,4,24,27,0
5267,0,4,0,0,4,312,9,0,0,1100,0,129,0,281,0,58,0,1070,4,0,8,8,0,0,0,0,0,0,0,87,3,0,0,0,7,0,0,0,0,0,0,0,0,3,0,0,0,1,0,0,0,3,0,21,0,0,0,0,0,0,0,0,0,0,0,0,0,0,49,0,0,2,0,0,0,0,0,0,1,0,58,0,0,4,0,58,0,0,0,20,5,14,14,1009,0,0,0,89,0,0,0,3,0,0,0,27,1719,77,45,134,0,0,0,0,2,0,72,16,0,21,0,0,0,18,5,0,0,1,0,11,3,0,0,0,0,0,0,0,6,13,0,0,43,0,0,0,0,0,0,0,0,0,0,2,14,2,0,0,15,0,0,0,0,3,0,0,0,7,1,0,4,0,47,0,0,0,0,0,0,0,11,0,0,1,0,0,0,0,17,0,0,0,0,0,0,3,1,0,10,27,0,0,26,0,75,0,0
7165,0,3,0,0,0,565,8,0,0,467,0,97,0,133,0,34,1,1992,6,0,5,1,0,0,0,0,0,0,0,115,7,0,0,0,17,0,0,0,0,0,0,0,0,0,0,0,0,13,0,0,0,0,0,17,0,0,0,0,0,0,0,0,0,0,0,3,0,0,59,0,0,12,0,0,0,0,0,0,1,0,78,0,0,2,1,123,0,0,0,63,7,14,1,482,0,0,0,86,0,1,0,10,0,0,0,26,876,102,4,60,0,0,0,0,0,0,154,31,0,1,0,0,0,9,0,0,0,0,0,1,1,0,0,0,0,0,0,0,5,11,0,0,19,0,0,0,0,0,0,0,0,0,0,2,16,0,0,0,6,0,1,1,0,2,0,0,0,1,0,0,2,0,21,0,0,0,0,0,0,0,12,0,0,2,0,0,0,0,4,0,0,0,0,0,0,3,0,0,18,24,0,0,14,0,114,2,0
7545,0,0,0,0,0,202,7,0,0,94,0,62,0,129,0,2,0,3025,1,0,35,0,0,0,0,0,0,0,0,60,4,0,0,0,8,0,0,0,0,0,0,0,0,0,0,0,0,3,0,0,0,1,0,1,0,0,0,0,0,0,0,2,0,0,0,0,0,0,22,0,1,1,0,0,0,0,0,0,0,0,35,0,0,0,2,107,0,0,0,64,0,9,0,715,0,0,2,27,0,0,0,3,2,0,0,7,489,46,3,2,0,0,0,0,4,0,117,17,0,0,0,0,0,0,0,0,0,1,0,13,1,0,0,0,0,0,0,0,2,0,0,0,37,0,0,0,0,0,0,0,0,0,0,6,2,3,0,0,0,0,0,0,0,0,0,0,0,1,0,0,0,0,2,0,0,0,0,0,0,0,1,0,0,0,0,0,0,0,0,0,0,0,0,0,0,0,0,0,0,1,0,0,16,0,527,0,0
6934,0,0,0,0,0,359,22,0,0,826,0,69,0,149,0,34,0,1535,2,0,31,0,0,0,0,0,0,0,0,83,1,0,0,0,23,0,0,0,0,0,1,0,0,0,0,0,0,0,0,0,1,2,0,5,0,0,0,0,0,0,0,0,0,0,0,1,0,0,39,0,0,6,0,0,0,0,0,0,0,0,41,0,0,0,0,96,0,0,0,107,0,9,10,191,0,0,0,190,0,0,0,1,1,0,0,81,355,77,22,120,0,0,0,0,26,0,253,17,0,0,0,0,0,19,0,0,0,0,0,43,6,0,0,0,0,0,0,0,1,10,0,0,77,0,0,0,0,0,0,0,0,0,0,15,141,8,0,0,3,0,0,0,0,2,0,0,0,0,3,0,2,0,5,0,0,0,0,0,0,0,0,0,0,0,0,0,0,0,1,0,0,0,0,0,0,1,0,0,1,22,0,0,49,0,341,1,0
4373,0,5,0,0,2,777,1,0,0,980,0,512,0,115,0,207,0,54,4,0,1,0,0,0,0,0,0,0,0,554,1,0,0,0,0,0,0,0,0,0,0,42,0,0,0,0,0,6,0,0,3,1,0,10,0,0,0,0,0,0,0,0,0,0,0,3,0,0,69,0,0,0,0,0,0,0,0,0,0,0,57,0,0,0,0,78,0,0,0,1,0,7,2,1159,0,0,0,880,0,2,0,1,1,0,0,45,1413,321,0,424,6,0,0,0,0,0,30,0,0,1,0,0,0,0,1,0,0,2,0,0,6,0,0,0,0,0,0,0,0,19,0,0,0,0,0,0,0,0,0,0,0,0,0,0,5,0,0,0,22,0,0,0,0,8,0,0,0,0,0,0,0,0,4,0,0,0,0,0,0,0,1,0,0,2,0,0,0,0,27,1,0,0,0,0,0,0,0,0,4,7,0,0,9,0,22,0,0
6109,0,5,0,0,0,286,3,0,0,324,1,159,0,176,0,236,0,1280,2,0,2,1,0,0,0,0,0,0,0,169,5,0,0,0,8,0,0,0,0,0,1,11,0,1,0,0,0,15,0,0,0,0,3,8,0,0,0,0,0,0,0,0,0,0,0,0,0,0,46,0,0,0,0,0,0,0,0,1,1,0,61,0,0,2,0,61,0,0,2,96,1,18,3,343,0,0,0,223,0,0,0,1,0,0,0,167,1106,118,4,161,2,0,0,0,0,0,124,0,0,1,0,0,0,0,0,0,1,2,0,0,24,0,0,0,0,0,0,0,0,14,0,0,0,0,0,0,0,0,0,0,0,0,0,1,11,0,0,0,3,0,0,0,0,2,0,0,0,0,1,0,2,0,5,0,0,0,0,0,0,0,4,0,0,0,0,0,0,0,2,0,0,0,0,0,0,1,0,0,2,18,0,0,12,0,201,1,0
5082,0,9,0,0,0,438,3,0,0,892,0,353,0,156,0,425,0,1129,2,0,1,2,0,0,0,1,0,0,0,192,0,0,0,0,5,0,0,0,0,0,1,21,0,1,0,1,0,10,0,0,0,0,0,4,0,0,0,0,0,0,0,0,0,0,0,1,0,1,44,0,0,0,0,0,0,0,0,0,0,0,70,0,0,0,0,39,0,0,0,12,1,44,5,232,0,1,0,907,1,2,0,0,0,0,0,117,1169,145,1,203,0,0,0,0,0,0,41,4,0,18,0,0,0,2,0,0,0,1,0,3,39,0,0,0,0,0,0,0,0,25,0,0,2,0,0,0,0,0,0,0,0,0,0,0,10,0,0,0,18,0,0,0,0,1,0,0,0,0,1,0,0,0,13,0,0,0,0,0,0,0,13,0,0,0,0,0,0,0,25,0,0,0,0,0,3,0,0,0,6,23,3,0,12,0,21,0,0
5631,0,5,0,0,1,177,7,0,0,184,0,241,0,250,0,91,0,1667,0,0,1,0,0,0,0,0,0,0,0,135,0,0,0,0,7,0,0,0,0,0,3,0,0,0,0,0,0,0,0,0,6,0,0,3,0,0,0,0,0,0,0,0,0,0,0,0,0,0,11,0,0,2,0,0,0,0,0,0,0,0,39,0,0,0,0,107,0,0,0,97,0,24,4,117,0,0,0,75,0,1,0,0,2,0,0,123,1469,268,1,210,0,0,0,0,1,0,206,1,0,1,0,0,0,0,0,0,0,0,0,5,24,0,0,0,0,0,0,0,0,14,0,0,0,0,0,0,0,0,0,0,0,0,0,3,165,0,0,0,4,0,0,0,0,0,0,0,0,0,3,0,0,0,2,0,0,0,0,0,0,0,0,0,0,0,0,0,0,0,2,0,0,0,0,0,0,0,0,0,2,7,0,0,11,0,702,0,0
4022,0,3,0,0,0,134,5,0,0,4,1,111,0,210,0,12,1,250,19,0,10,0,0,0,0,0,0,0,0,358,8,0,0,0,4,0,0,0,0,0,1,0,0,0,1,3,0,16,3,0,3,1,0,18,0,1,0,0,0,0,0,0,0,0,0,1,0,0,11,0,0,0,0,0,1,0,0,0,0,0,52,0,0,0,3,101,0,0,0,57,0,5,0,854,0,0,0,307,0,12,0,4,0,0,6,70,2491,255,7,444,0,0,0,0,16,2,49,10,0,0,0,0,0,0,0,0,0,4,0,0,0,0,0,0,2,0,0,0,0,10,0,0,0,1,0,0,0,0,0,0,1,0,0,4,71,0,1,0,3,0,0,0,0,0,0,0,0,0,0,0,2,0,149,0,0,0,0,0,0,1,15,0,0,0,0,0,0,0,0,0,0,0,0,0,0,0,0,0,0,27,7,0,16,1,101,2,0
6599,0,0,0,0,0,133,12,0,0,3,1,88,0,240,0,15,0,1104,8,0,21,0,0,0,0,0,0,0,0,207,4,0,2,0,12,0,0,0,0,0,0,0,0,0,0,4,0,9,0,0,3,2,0,8,0,0,0,0,0,0,0,0,0,0,0,3,3,0,48,1,0,2,0,0,2,0,0,0,0,0,300,0,0,0,3,139,0,0,0,63,0,11,2,274,0,0,0,241,8,6,0,2,3,0,0,184,2333,183,2,288,0,0,0,0,133,0,133,13,0,1,0,0,0,0,0,0,0,1,0,1,5,0,0,0,0,0,0,0,0,1,0,0,5,2,1,0,0,0,0,0,1,4,0,9,114,2,0,0,5,0,0,0,0,0,0,0,0,0,0,0,4,0,149,0,0,0,0,0,0,0,12,0,0,0,0,0,0,0,0,0,0,0,0,0,0,0,0,0,1,55,15,0,15,0,95,0,0
4775,0,0,0,0,2,237,6,0,0,121,1,287,0,406,0,34,0,165,15,0,3,0,0,0,0,0,0,0,0,468,7,0,2,0,9,0,0,0,0,0,0,0,0,0,0,1,0,10,0,0,6,6,0,10,0,0,0,0,0,0,0,0,0,0,0,2,1,0,28,1,2,5,0,0,0,0,0,0,1,0,167,0,0,6,11,52,0,0,0,24,12,6,0,1053,0,0,0,147,6,6,0,4,1,0,4,25,3494,722,9,399,0,0,0,0,6,1,40,8,0,0,1,0,0,0,1,0,0,4,0,2,7,0,0,0,0,0,0,0,7,2,0,0,0,0,1,0,0,0,0,0,0,2,0,0,28,0,1,1,3,0,0,0,1,1,0,0,0,0,0,1,3,0,62,0,0,0,0,0,0,0,32,0,0,0,0,0,0,0,0,0,0,0,0,0,0,0,0,0,0,19,5,0,21,0,28,0,0
8595,0,0,1,0,0,96,19,0,0,109,0,66,0,318,0,8,0,532,1,0,12,0,0,0,0,0,0,0,0,205,4,0,11,0,67,0,0,0,0,0,0,0,0,0,0,0,0,1,0,0,2,1,0,7,0,0,0,0,0,0,0,0,0,0,0,0,0,0,115,0,0,1,0,0,1,0,0,0,0,0,141,0,0,0,0,121,0,0,0,106,2,8,7,395,0,0,0,174,0,5,0,0,2,0,1,214,1164,128,3,522,0,0,0,0,6,0,50,10,0,0,0,0,0,0,0,0,2,1,0,4,9,0,0,0,0,0,0,0,0,2,0,0,0,0,0,0,0,0,0,0,0,1,0,1,76,3,0,0,1,0,0,0,0,0,0,0,0,0,0,3,2,0,13,0,0,0,0,0,0,0,12,0,0,0,0,0,0,0,0,0,0,0,0,0,0,0,0,0,0,44,1,0,47,0,58,0,0
